reference,scenario,age,v.eff,risk,pop.size,cost.diff,cost.diff.per100k,vax.costs,c.costs,cases,cases.per100k,cases.averted,cases.averted.per100k,icer.case.averted,deaths,deaths.per100k,deaths.averted,deaths.averted.per100k,icer.death.averted,dalys,dalys.per100k,dalys.averted,dalys.averted.per100k,icer.daly.averted
none,base,0-4 yrs,0,High,14311,0,0,0,4839136.64,3181.93,22234.33,0,0,0,20.7,144.66,0,0,0,1605.49,11218.67,0,0,0
none,base,0-4 yrs,0,Non-high,209297,0,0,0,13625896.53,46535.79,22234.32,0,0,0,6.32,3.02,0,0,0,534.43,255.34,0,0,0
none,base,0-4 yrs,0,All,223608,0,0,0,18465033.17,49717.72,22234.32,0,0,0,27.02,12.08,0,0,0,2139.92,957,0,0,0
none,base,5-19 yrs,0,High,40938,0,0,0,54093726.35,18000.51,43969.86,0,0,0,117.34,286.63,0,0,0,7938.14,19390.49,0,0,0
none,base,5-19 yrs,0,Non-high,598723,0,0,0,84614735.5,263257.47,43969.85,0,0,0,35.76,5.97,0,0,0,2671.43,446.19,0,0,0
none,base,5-19 yrs,0,All,639661,0,0,0,138708461.9,281257.99,43969.85,0,0,0,153.1,23.94,0,0,0,10609.57,1658.62,0,0,0
none,base,20-64 yrs,0,High,321847,0,0,0,158462630.6,66163.55,20557.45,0,0,0,854.56,265.52,0,0,0,33307,10348.7,0,0,0
none,base,20-64 yrs,0,Non-high,1913202,0,0,0,171220396.1,393305.54,20557.45,0,0,0,119.04,6.22,0,0,0,5015.47,262.15,0,0,0
none,base,20-64 yrs,0,All,2235049,0,0,0,329683026.7,459469.09,20557.45,0,0,0,973.6,43.56,0,0,0,38322.47,1714.61,0,0,0
none,base,65+ yrs,0,High,157982,0,0,0,123693905.2,23511.89,14882.67,0,0,0,618.87,391.74,0,0,0,8872.88,5616.39,0,0,0
none,base,65+ yrs,0,Non-high,150576,0,0,0,19652924.41,22409.77,14882.67,0,0,0,77.46,51.45,0,0,0,1129.66,750.23,0,0,0
none,base,65+ yrs,0,All,308558,0,0,0,143346829.6,45921.67,14882.67,0,0,0,696.34,225.67,0,0,0,10002.54,3241.7,0,0,0
none,base,All,0,High,535078,0,0,0,341089398.9,110857.89,20718.08,0,0,0,1611.47,301.17,0,0,0,51723.51,9666.54,0,0,0
none,base,All,0,Non-high,2871798,0,0,0,289113952.5,725508.58,25263.22,0,0,0,238.59,8.31,0,0,0,9351,325.61,0,0,0
none,base,All,0,All,3406876,0,0,0,630203351.4,836366.46,24549.37,0,0,0,1850.06,54.3,0,0,0,61074.5,1792.68,0,0,0
base,vaxbase,0-4 yrs,10,High,14311,525191.86,3669870.47,208884.93,4105059.85,2699.25,18861.47,482.69,3372.86,1088.06,17.56,122.72,3.14,21.94,167231.92,1361.95,9516.85,243.55,1701.83,2156.43
base,vaxbase,0-4 yrs,10,Non-high,209297,-987949.28,-472032.02,3054942.16,11558903.65,39476.5,18861.47,7059.29,3372.86,-139.95,5.36,2.56,0.96,0.46,-1031036.29,453.36,216.61,81.07,38.73,-12186.34
base,vaxbase,0-4 yrs,10,All,223608,-462757.42,-206950.3,3263827.09,15663963.5,42175.75,18861.47,7541.98,3372.86,-61.36,22.92,10.25,4.1,1.83,-112903.19,1815.3,811.82,324.62,145.17,-1425.55
base,vaxbase,5-19 yrs,10,High,40938,6008918.3,14677986.87,597543.67,47487264.38,15802.11,38599.82,2198.4,5370.04,2733.31,103.01,251.62,14.33,35.01,419298.33,6968.65,17022.33,969.49,2368.16,6198.05
base,vaxbase,5-19 yrs,10,Non-high,598723,1594914,266386.09,8739076.22,74280745.28,231105.91,38599.82,32151.56,5370.02,49.61,31.39,5.24,4.37,0.73,365166.92,2345.17,391.7,326.26,54.49,4888.45
base,vaxbase,5-19 yrs,10,All,639661,7603832.3,1188728.45,9336619.89,121768009.7,246908.02,38599.82,34349.96,5370.03,221.36,134.4,21.01,18.7,2.92,406654.23,9313.82,1456.06,1295.75,202.57,5868.3
base,vaxbase,20-64 yrs,10,High,321847,16644211.95,5171466.21,3039716.71,138778702,57944.84,18003.84,8218.71,2553.61,2025.16,748.41,232.53,106.15,32.98,156796.57,29169.66,9063.21,4137.34,1285.5,4022.93
base,vaxbase,20-64 yrs,10,Non-high,1913202,3199246.55,167219.49,18069427.08,149951722.5,344449.88,18003.84,48855.66,2553.61,65.48,104.26,5.45,14.79,0.77,216351.11,4392.46,229.59,623.01,32.56,5135.14
base,vaxbase,20-64 yrs,10,All,2235049,19843458.5,887831.03,21109143.79,288730424.4,402394.72,18003.84,57074.37,2553.61,347.68,852.66,38.15,120.94,5.41,164078.35,33562.13,1501.63,4760.35,212.99,4168.49
base,vaxbase,65+ yrs,10,High,157982,17107455.28,10828757.56,2848504.77,103737945.2,19718.64,12481.6,3793.26,2401.07,4509.96,519.03,328.54,99.84,63.2,171340.47,7441.39,4710.28,1431.49,906.11,11950.8
base,vaxbase,65+ yrs,10,Non-high,150576,455692.05,302631.99,2714981.11,16482251.25,18794.33,12481.6,3615.44,2401.07,126.04,64.97,43.15,12.5,8.3,36462.34,947.41,629.19,182.25,121.04,2500.34
base,vaxbase,65+ yrs,10,All,308558,17563147.33,5692008.42,5563485.88,120220196.4,38512.97,12481.6,7408.7,2401.07,2370.61,583.99,189.27,112.34,36.41,156335.86,8388.8,2718.71,1613.74,522.99,10883.49
base,vaxbase,All,10,High,535078,40285777.39,7528954.59,6694650.08,294108971.4,96164.83,17972.12,14693.06,2745.97,2741.82,1388.01,259.4,223.47,41.76,180275.52,44941.65,8399.08,6781.86,1267.45,5940.23
base,vaxbase,All,10,Non-high,2871798,4261903.32,148405.4,32578426.57,252273622.7,633826.63,22070.72,91681.95,3192.49,46.49,205.98,7.17,32.61,1.14,130690.18,8138.4,283.39,1212.59,42.22,3514.7
base,vaxbase,All,10,All,3406876,44547680.71,1307581.51,39273076.65,546382594,729991.46,21427,106375.01,3122.36,418.78,1593.98,46.79,256.08,7.52,173960.99,53080.05,1558.03,7994.45,234.66,5572.32
base,vaxbase,0-4 yrs,20,High,14311,1255393.37,8772281.92,208884.93,3374858.34,2219.11,15506.42,962.82,6727.9,1303.87,14.44,100.89,6.26,43.77,200400.57,1119.69,7824.01,485.81,3394.67,2584.14
base,vaxbase,0-4 yrs,20,Non-high,209297,1068128.63,510340.89,3054942.16,9502825.74,32454.49,15506.42,14081.3,6727.9,75.85,4.41,2.1,1.91,0.91,558831.74,372.71,178.08,161.71,77.26,6605.12
base,vaxbase,0-4 yrs,20,All,223608,2323522,1039105.04,3263827.09,12877684.08,34673.6,15506.42,15044.12,6727.9,154.45,18.84,8.43,8.18,3.66,284195.76,1492.4,667.42,647.52,289.58,3588.34
base,vaxbase,5-19 yrs,20,High,40938,13043957.16,31862478.8,597543.67,40452225.52,13461.1,32881.43,4539.42,11088.44,2873.49,87.75,214.35,29.59,72.28,440802.45,5936.28,14500.55,2001.86,4889.94,6515.92
base,vaxbase,5-19 yrs,20,Non-high,598723,12599294.16,2104362.2,8739076.22,63276365.12,196868.51,32881.42,66388.96,11088.43,189.78,26.74,4.47,9.02,1.51,1397034.37,1997.75,333.67,673.69,112.52,18701.93
base,vaxbase,5-19 yrs,20,All,639661,25643251.32,4008881.47,9336619.89,103728590.6,210329.61,32881.42,70928.38,11088.43,361.54,114.49,17.9,38.61,6.04,664161.05,7934.02,1240.35,2675.55,418.28,9584.3
base,vaxbase,20-64 yrs,20,High,321847,37050699.43,11511896.19,3039716.71,118372214.5,49424.43,15356.5,16739.11,5200.95,2213.42,638.36,198.34,216.2,67.17,171372.55,24880.46,7730.52,8426.54,2618.18,4396.9
base,vaxbase,20-64 yrs,20,Non-high,1913202,25248653.09,1319706.64,18069427.08,127902315.9,293800.76,15356.5,99504.78,5200.96,253.74,88.93,4.65,30.12,1.57,838338.56,3746.58,195.83,1268.89,66.32,19898.16
base,vaxbase,20-64 yrs,20,All,2235049,62299352.52,2787381.96,21109143.79,246274530.4,343225.19,15356.5,116243.9,5200.96,535.94,727.28,32.54,246.32,11.02,252923.25,28627.04,1280.82,9695.44,433.79,6425.64
base,vaxbase,65+ yrs,20,High,157982,36337564.13,23001122.36,2848504.77,84507836.33,16063.36,10167.86,7448.54,4714.81,4878.48,422.81,267.64,196.06,124.1,185340.8,6061.96,3837.13,2810.92,1779.27,12927.3
base,vaxbase,65+ yrs,20,Non-high,150576,3511039.45,2331734.44,2714981.11,13426903.85,15310.38,10167.86,7099.39,4714.81,494.56,52.92,35.15,24.54,16.3,143070.18,771.79,512.56,357.88,237.67,9810.78
base,vaxbase,65+ yrs,20,All,308558,39848603.58,12914461.33,5563485.88,97934740.18,31373.74,10167.86,14547.92,4714.81,2739.13,475.74,154.18,220.6,71.49,180638.37,6833.75,2214.74,3168.79,1026.97,12575.33
base,vaxbase,All,20,High,535078,87687614.09,16387819.91,6694650.08,246707134.7,81168,15169.38,29689.89,5548.7,2953.45,1163.36,217.42,448.11,83.75,195681.64,37998.38,7101.47,13725.12,2565.07,6388.84
base,vaxbase,All,20,Non-high,2871798,42427115.33,1477371.14,32578426.57,214108410.6,538434.15,18749.03,187074.43,6514.19,226.79,173,6.02,65.59,2.28,646871.86,6888.83,239.88,2462.17,85.74,17231.58
base,vaxbase,All,20,All,3406876,130114729.4,3819180.08,39273076.65,460815545.3,619602.15,18186.81,216764.32,6362.55,600.26,1336.36,39.23,513.7,15.08,253288.46,44887.21,1317.55,16187.3,475.14,8038.08
base,vaxbase,0-4 yrs,30,High,14311,1971685.68,13777500.38,208884.93,2658566.03,1748.12,12215.28,1433.82,10019.05,1375.13,11.37,79.48,9.33,65.19,211353.79,882.04,6163.41,723.45,5055.27,2725.38
base,vaxbase,0-4 yrs,30,Non-high,209297,3085043.7,1474002.19,3054942.16,7485910.67,25566.23,12215.28,20969.56,10019.04,147.12,3.47,1.66,2.85,1.36,1083855.77,293.61,140.28,240.82,115.06,12810.66
base,vaxbase,0-4 yrs,30,All,223608,5056729.38,2261425.97,3263827.09,10144476.7,27314.35,12215.28,22403.38,10019.04,225.71,14.84,6.64,12.18,5.44,415330.29,1175.65,525.76,964.27,431.23,5244.08
base,vaxbase,5-19 yrs,30,High,40938,20374279.76,49768260.43,597543.67,33121902.92,11021.82,26923.01,6978.69,17046.86,2919.5,71.85,175.5,45.49,111.12,447860.39,4860.57,11872.91,3077.57,7517.58,6620.25
base,vaxbase,5-19 yrs,30,Non-high,598723,24065564.95,4019484.3,8739076.22,51810094.33,161194.09,26923,102063.38,17046.85,235.79,21.9,3.66,13.86,2.32,1735732.38,1635.73,273.2,1035.7,172.98,23236.04
base,vaxbase,5-19 yrs,30,All,639661,44439844.71,6947405.69,9336619.89,84931997.25,172215.92,26923,109042.07,17046.85,407.55,93.75,14.66,59.36,9.28,748684.11,6496.3,1015.59,4113.27,643.04,10804.02
base,vaxbase,20-64 yrs,30,High,321847,57877153.63,17982812.59,3039716.71,97545760.29,40728.68,12654.67,25434.87,7902.78,2275.5,526.04,163.45,328.51,102.07,176179.39,20502.98,6370.41,12804.02,3978.29,4520.23
base,vaxbase,20-64 yrs,30,Non-high,1913202,47751837.23,2495912.02,18069427.08,105399131.8,242109.32,12654.67,151196.22,7902.78,315.83,73.28,3.83,45.76,2.39,1043456.08,3087.4,161.37,1928.07,100.78,24766.67
base,vaxbase,20-64 yrs,30,All,2235049,105628990.9,4726025.73,21109143.79,202944892.1,282838,12654.67,176631.09,7902.78,598.02,599.33,26.81,374.28,16.75,282222.35,23590.39,1055.48,14732.09,659.14,7169.99
base,vaxbase,65+ yrs,30,High,157982,54837346.85,34711201.9,2848504.77,66008053.61,12546.9,7941.99,10965,6940.68,5001.13,330.26,209.05,288.62,182.69,190000.21,4734.92,2997.13,4137.95,2619.26,13252.29
base,vaxbase,65+ yrs,30,Non-high,150576,6450350.22,4283775.22,2714981.11,10487593.08,11958.76,7941.99,10451.02,6940.68,617.2,41.34,27.45,36.13,23.99,178549.59,602.83,400.35,526.83,349.88,12243.72
base,vaxbase,65+ yrs,30,All,308558,61287697.07,19862618.07,5563485.88,76495646.69,24505.65,7941.99,21416.01,6940.68,2861.77,371.59,120.43,324.74,105.25,188726.37,5337.76,1729.9,4664.78,1511.8,13138.39
base,vaxbase,All,30,High,535078,135060465.9,25241268.28,6694650.08,199334282.9,66045.51,12343.16,44812.38,8374.92,3013.91,939.52,175.59,671.95,125.58,200997.42,30980.51,5789.91,20742.99,3876.63,6511.14
base,vaxbase,All,30,Non-high,2871798,81352796.1,2832817.46,32578426.57,175182729.9,440828.4,15350.26,284680.17,9912.96,285.77,139.99,4.87,98.6,3.43,825073.38,5619.58,195.68,3731.42,129.93,21802.12
base,vaxbase,All,30,All,3406876,216413262,6352249.45,39273076.65,374517012.7,506873.91,14877.97,329492.55,9671.4,656.81,1079.51,31.69,770.55,22.62,280854.87,36600.1,1074.3,24474.41,718.38,8842.43
base,vaxbase,0-4 yrs,40,High,14311,2671925.46,18670548.97,208884.93,1958326.25,1287.68,8997.89,1894.26,13236.44,1410.54,8.38,58.54,12.32,86.12,216796.47,649.72,4540.03,955.77,6678.65,2795.56
base,vaxbase,0-4 yrs,40,Non-high,209297,5056757.89,2416066.98,3054942.16,5514196.48,18832.34,8997.9,27703.45,13236.42,182.53,2.56,1.22,3.76,1.8,1344735.78,216.27,103.33,318.15,152.01,15894.17
base,vaxbase,0-4 yrs,40,All,223608,7728683.35,3456353.69,3263827.09,7472522.73,20120.02,8997.9,29597.7,13236.42,261.12,10.93,4.89,16.08,7.19,480490.4,865.99,387.28,1273.93,569.71,6066.82
base,vaxbase,5-19 yrs,40,High,40938,28151343.62,68765297.09,597543.67,25344839.06,8433.88,20601.44,9566.64,23368.42,2942.66,54.98,134.3,62.36,152.33,451413.52,3719.3,9085.14,4218.84,10305.35,6672.78
base,vaxbase,5-19 yrs,40,Non-high,598723,36230639.71,6051322.21,8739076.22,39645019.57,123345.53,20601.44,139911.95,23368.41,258.95,16.76,2.8,19.01,3.17,1906241.7,1251.66,209.06,1419.77,237.13,25518.63
base,vaxbase,5-19 yrs,40,All,639661,64381983.33,10065016.21,9336619.89,64989858.63,131779.41,20601.44,149478.58,23368.41,430.71,71.73,11.21,81.37,12.72,791235.08,4970.96,777.12,5638.61,881.5,11418.06
base,vaxbase,20-64 yrs,40,High,321847,79462472.61,24689513.28,3039716.71,75960441.31,31716.07,9854.39,34447.47,10703.06,2306.77,409.64,127.28,444.92,138.24,178600.29,15966,4960.74,17341,5387.96,4582.35
base,vaxbase,20-64 yrs,40,Non-high,1913202,71074982.11,3714975.44,18069427.08,82075986.91,188534.45,9854.39,204771.1,10703.06,347.09,57.06,2.98,61.98,3.24,1146760.95,2404.21,125.66,2611.26,136.49,27218.63
base,vaxbase,20-64 yrs,40,All,2235049,150537454.7,6735308.92,21109143.79,158036428.2,220250.52,9854.39,239218.57,10703.06,629.29,466.7,20.88,506.9,22.68,296978.49,18370.21,821.92,19952.26,892.7,7544.88
base,vaxbase,65+ yrs,40,High,157982,72251131.93,45733861.54,2848504.77,48594268.53,9236.86,5846.79,14275.03,9035.88,5061.36,243.13,153.9,375.74,237.84,192288.7,3485.79,2206.45,5387.09,3409.94,13411.91
base,vaxbase,65+ yrs,40,Non-high,150576,9217113.88,6121224.84,2714981.11,7720829.42,8803.88,5846.79,13605.89,9035.88,677.44,30.43,20.21,47.03,31.23,195975.54,443.8,294.73,685.86,455.49,13438.67
base,vaxbase,65+ yrs,40,All,308558,81468245.81,26402895.34,5563485.88,56315097.95,18040.74,5846.79,27880.92,9035.88,2922.01,273.56,88.66,422.77,137.02,192698.84,3929.59,1273.53,6072.95,1968.17,13414.93
base,vaxbase,All,40,High,535078,182536873.6,34114070.07,6694650.08,151857875.2,50674.49,9470.49,60183.4,11247.59,3033.01,716.13,133.84,895.35,167.33,203872.51,23820.81,4451.84,27902.7,5214.7,6541.91
base,vaxbase,All,40,Non-high,2871798,121579493.6,4233567,32578426.57,134956032.4,339516.2,11822.43,385992.38,13440.79,314.98,106.81,3.72,131.78,4.59,922611.3,4315.95,150.29,5035.05,175.33,24146.63
base,vaxbase,All,40,All,3406876,304116367.2,8926546.41,39273076.65,286813907.5,390190.69,11453.03,446175.78,13096.33,681.61,822.94,24.16,1027.13,30.15,296084.84,28136.76,825.88,32937.75,966.8,9233.06
base,vax70,0-4 yrs,10,High,14311,0,0,0,0,0,0,0,0,0,0,0,0,0,0,0,0,0,0,0
base,vax70,0-4 yrs,10,Non-high,209297,0,0,0,0,0,0,0,0,0,0,0,0,0,0,0,0,0,0,0
base,vax70,0-4 yrs,10,All,223608,0,0,0,0,0,0,0,0,0,0,0,0,0,0,0,0,0,0,0
base,vax70,5-19 yrs,10,High,40938,0,0,0,0,0,0,0,0,0,0,0,0,0,0,0,0,0,0,0
base,vax70,5-19 yrs,10,Non-high,598723,0,0,0,0,0,0,0,0,0,0,0,0,0,0,0,0,0,0,0
base,vax70,5-19 yrs,10,All,639661,0,0,0,0,0,0,0,0,0,0,0,0,0,0,0,0,0,0,0
base,vax70,20-64 yrs,10,High,321847,0,0,0,0,0,0,0,0,0,0,0,0,0,0,0,0,0,0,0
base,vax70,20-64 yrs,10,Non-high,1913202,0,0,0,0,0,0,0,0,0,0,0,0,0,0,0,0,0,0,0
base,vax70,20-64 yrs,10,All,2235049,0,0,0,0,0,0,0,0,0,0,0,0,0,0,0,0,0,0,0
base,vax70,65+ yrs,10,High,157982,0,0,0,0,0,0,0,0,0,0,0,0,0,0,0,0,0,0,0
base,vax70,65+ yrs,10,Non-high,150576,0,0,0,0,0,0,0,0,0,0,0,0,0,0,0,0,0,0,0
base,vax70,65+ yrs,10,All,308558,0,0,0,0,0,0,0,0,0,0,0,0,0,0,0,0,0,0,0
base,vax70,All,10,High,535078,0,0,0,0,0,0,0,0,0,0,0,0,0,0,0,0,0,0,0
base,vax70,All,10,Non-high,2871798,0,0,0,0,0,0,0,0,0,0,0,0,0,0,0,0,0,0,0
base,vax70,All,10,All,3406876,0,0,0,0,0,0,0,0,0,0,0,0,0,0,0,0,0,0,0
base,vax70,0-4 yrs,20,High,14311,0,0,0,0,0,0,0,0,0,0,0,0,0,0,0,0,0,0,0
base,vax70,0-4 yrs,20,Non-high,209297,0,0,0,0,0,0,0,0,0,0,0,0,0,0,0,0,0,0,0
base,vax70,0-4 yrs,20,All,223608,0,0,0,0,0,0,0,0,0,0,0,0,0,0,0,0,0,0,0
base,vax70,5-19 yrs,20,High,40938,0,0,0,0,0,0,0,0,0,0,0,0,0,0,0,0,0,0,0
base,vax70,5-19 yrs,20,Non-high,598723,0,0,0,0,0,0,0,0,0,0,0,0,0,0,0,0,0,0,0
base,vax70,5-19 yrs,20,All,639661,0,0,0,0,0,0,0,0,0,0,0,0,0,0,0,0,0,0,0
base,vax70,20-64 yrs,20,High,321847,0,0,0,0,0,0,0,0,0,0,0,0,0,0,0,0,0,0,0
base,vax70,20-64 yrs,20,Non-high,1913202,0,0,0,0,0,0,0,0,0,0,0,0,0,0,0,0,0,0,0
base,vax70,20-64 yrs,20,All,2235049,0,0,0,0,0,0,0,0,0,0,0,0,0,0,0,0,0,0,0
base,vax70,65+ yrs,20,High,157982,0,0,0,0,0,0,0,0,0,0,0,0,0,0,0,0,0,0,0
base,vax70,65+ yrs,20,Non-high,150576,0,0,0,0,0,0,0,0,0,0,0,0,0,0,0,0,0,0,0
base,vax70,65+ yrs,20,All,308558,0,0,0,0,0,0,0,0,0,0,0,0,0,0,0,0,0,0,0
base,vax70,All,20,High,535078,0,0,0,0,0,0,0,0,0,0,0,0,0,0,0,0,0,0,0
base,vax70,All,20,Non-high,2871798,0,0,0,0,0,0,0,0,0,0,0,0,0,0,0,0,0,0,0
base,vax70,All,20,All,3406876,0,0,0,0,0,0,0,0,0,0,0,0,0,0,0,0,0,0,0
base,vax70,0-4 yrs,50,High,14311,0,0,0,0,0,0,0,0,0,0,0,0,0,0,0,0,0,0,0
base,vax70,0-4 yrs,50,Non-high,209297,0,0,0,0,0,0,0,0,0,0,0,0,0,0,0,0,0,0,0
base,vax70,0-4 yrs,50,All,223608,0,0,0,0,0,0,0,0,0,0,0,0,0,0,0,0,0,0,0
base,vax70,5-19 yrs,50,High,40938,0,0,0,0,0,0,0,0,0,0,0,0,0,0,0,0,0,0,0
base,vax70,5-19 yrs,50,Non-high,598723,0,0,0,0,0,0,0,0,0,0,0,0,0,0,0,0,0,0,0
base,vax70,5-19 yrs,50,All,639661,0,0,0,0,0,0,0,0,0,0,0,0,0,0,0,0,0,0,0
base,vax70,20-64 yrs,50,High,321847,0,0,0,0,0,0,0,0,0,0,0,0,0,0,0,0,0,0,0
base,vax70,20-64 yrs,50,Non-high,1913202,0,0,0,0,0,0,0,0,0,0,0,0,0,0,0,0,0,0,0
base,vax70,20-64 yrs,50,All,2235049,0,0,0,0,0,0,0,0,0,0,0,0,0,0,0,0,0,0,0
base,vax70,65+ yrs,50,High,157982,0,0,0,0,0,0,0,0,0,0,0,0,0,0,0,0,0,0,0
base,vax70,65+ yrs,50,Non-high,150576,0,0,0,0,0,0,0,0,0,0,0,0,0,0,0,0,0,0,0
base,vax70,65+ yrs,50,All,308558,0,0,0,0,0,0,0,0,0,0,0,0,0,0,0,0,0,0,0
base,vax70,All,50,High,535078,0,0,0,0,0,0,0,0,0,0,0,0,0,0,0,0,0,0,0
base,vax70,All,50,Non-high,2871798,0,0,0,0,0,0,0,0,0,0,0,0,0,0,0,0,0,0,0
base,vax70,All,50,All,3406876,0,0,0,0,0,0,0,0,0,0,0,0,0,0,0,0,0,0,0
base,vax70,0-4 yrs,60,High,14311,0,0,0,0,0,0,0,0,0,0,0,0,0,0,0,0,0,0,0
base,vax70,0-4 yrs,60,Non-high,209297,0,0,0,0,0,0,0,0,0,0,0,0,0,0,0,0,0,0,0
base,vax70,0-4 yrs,60,All,223608,0,0,0,0,0,0,0,0,0,0,0,0,0,0,0,0,0,0,0
base,vax70,5-19 yrs,60,High,40938,0,0,0,0,0,0,0,0,0,0,0,0,0,0,0,0,0,0,0
base,vax70,5-19 yrs,60,Non-high,598723,0,0,0,0,0,0,0,0,0,0,0,0,0,0,0,0,0,0,0
base,vax70,5-19 yrs,60,All,639661,0,0,0,0,0,0,0,0,0,0,0,0,0,0,0,0,0,0,0
base,vax70,20-64 yrs,60,High,321847,0,0,0,0,0,0,0,0,0,0,0,0,0,0,0,0,0,0,0
base,vax70,20-64 yrs,60,Non-high,1913202,0,0,0,0,0,0,0,0,0,0,0,0,0,0,0,0,0,0,0
base,vax70,20-64 yrs,60,All,2235049,0,0,0,0,0,0,0,0,0,0,0,0,0,0,0,0,0,0,0
base,vax70,65+ yrs,60,High,157982,0,0,0,0,0,0,0,0,0,0,0,0,0,0,0,0,0,0,0
base,vax70,65+ yrs,60,Non-high,150576,0,0,0,0,0,0,0,0,0,0,0,0,0,0,0,0,0,0,0
base,vax70,65+ yrs,60,All,308558,0,0,0,0,0,0,0,0,0,0,0,0,0,0,0,0,0,0,0
base,vax70,All,60,High,535078,0,0,0,0,0,0,0,0,0,0,0,0,0,0,0,0,0,0,0
base,vax70,All,60,Non-high,2871798,0,0,0,0,0,0,0,0,0,0,0,0,0,0,0,0,0,0,0
base,vax70,All,60,All,3406876,0,0,0,0,0,0,0,0,0,0,0,0,0,0,0,0,0,0,0
vaxbase10,vax70,0-4 yrs,10,High,14311,305303.97,2133365.17,286704.81,3721936,2447.33,17101.13,251.92,1760.34,1211.91,15.92,111.27,1.64,11.45,186266.58,1234.84,8628.64,127.11,888.21,2401.88
vaxbase10,vax70,0-4 yrs,10,Non-high,209297,-59327.06,-28345.86,4193057.86,10480115,35792.17,17101.13,3684.33,1760.34,-16.1,4.86,2.32,0.5,0.24,-118630.39,411.04,196.39,42.31,20.22,-1402.15
vaxbase10,vax70,0-4 yrs,10,All,223608,245976.91,110003.63,4479762.67,14202051,38239.5,17101.13,3936.25,1760.34,62.49,20.78,9.29,2.14,0.96,114987.08,1645.88,736.06,169.42,75.77,1451.86
vaxbase10,vax70,5-19 yrs,10,High,40938,2951863.07,7210516.97,820157.98,44312787,14745.76,36019.47,1056.35,2580.35,2794.4,96.12,234.8,6.89,16.82,428670.42,6502.81,15884.41,465.84,1137.92,6336.59
vaxbase10,vax70,5-19 yrs,10,Non-high,598723,1709860,285584.63,11994810.49,69315151,215656.7,36019.46,15449.21,2580.36,110.68,29.3,4.89,2.1,0.35,814723.4,2188.4,365.51,156.77,26.18,10906.61
vaxbase10,vax70,5-19 yrs,10,All,639661,4661723.07,728780.26,12814968.47,113627938,230402.46,36019.46,16505.57,2580.36,282.43,125.42,19.61,8.98,1.4,518846.08,8691.21,1358.72,622.62,97.34,7487.3
vaxbase10,vax70,20-64 yrs,10,High,321847,13093673.76,4068290.62,6447883.92,122276861,51054.75,15863.05,6890.09,2140.8,1900.36,659.41,204.88,88.99,27.65,147134.64,25701.17,7985.52,3468.49,1077.68,3775.03
vaxbase10,vax70,20-64 yrs,10,Non-high,1913202,-2429262.2,-126973.64,38329087.75,132121324,303492.1,15863.05,40957.78,2140.8,-59.31,91.86,4.8,12.4,0.65,-195957.55,3870.16,202.29,522.3,27.3,-4651.1
vaxbase10,vax70,20-64 yrs,10,All,2235049,10664411.56,477144.42,44776971.67,254398185,354546.85,15863.05,47847.87,2140.8,222.88,751.27,33.61,101.39,4.54,105184.18,29571.34,1323.07,3990.79,178.55,2672.25
vaxbase10,vax70,65+ yrs,10,High,157982,9653899.65,6110770.84,3165005.3,93767545,17823.45,11281.97,1895.19,1199.62,5093.91,469.14,296.96,49.88,31.58,193525.04,6726.18,4257.57,715.2,452.71,13498.14
vaxbase10,vax70,65+ yrs,10,Non-high,150576,1282467.68,851706.2,3016645.67,14898119,16987.98,11281.97,1806.35,1199.63,709.98,58.72,39,6.24,4.15,205389.37,856.35,568.72,91.06,60.47,14084.21
vaxbase10,vax70,65+ yrs,10,All,308558,10936367.33,3544347.36,6181650.97,108665664,34811.43,11281.97,3701.54,1199.62,2954.55,527.87,171.08,56.13,18.19,194844.9,7582.54,2457.41,806.26,261.3,13564.33
vaxbase10,vax70,All,10,High,535078,26004740.45,4859990.86,10719752.01,264079129,86071.29,16085.75,10093.54,1886.37,2576.37,1240.61,231.86,147.4,27.55,176422.02,40165,7506.38,4776.65,892.7,5444.14
vaxbase10,vax70,All,10,Non-high,2871798,503738.42,17540.87,57533601.77,226814709,571928.95,19915.36,61897.68,2155.36,8.14,184.74,6.43,21.24,0.74,23716.77,7325.96,255.1,812.44,28.29,620.03
vaxbase10,vax70,All,10,All,3406876,26508478.87,778087.58,68253353.78,490893838,658000.24,19313.89,71991.22,2113.12,368.22,1425.34,41.84,168.64,4.95,157189.26,47490.96,1393.97,5589.09,164.05,4742.9
vaxbase10,vax70,0-4 yrs,20,High,14311,1429516.97,9989001.19,286704.81,2597723,1708.11,11935.73,991.14,6925.74,1442.3,11.11,77.66,6.45,45.06,221677.62,861.85,6022.36,500.09,3494.49,2858.5
vaxbase10,vax70,0-4 yrs,20,Non-high,209297,3106197.94,1484109.47,4193057.86,7314590,24981.12,11935.72,14495.38,6925.74,214.29,3.39,1.62,1.97,0.94,1578697.55,286.89,137.07,166.47,79.54,18659.46
vaxbase10,vax70,0-4 yrs,20,All,223608,4535714.91,2028422.47,4479762.67,9912313,26689.24,11935.72,15486.51,6925.74,292.88,14.5,6.49,8.42,3.76,538926.7,1148.74,513.73,666.56,298.09,6804.65
vaxbase10,vax70,5-19 yrs,20,High,40938,13901991.07,33958398.54,820157.98,33362659,11101.93,27118.7,4700.18,11481.12,2957.76,72.37,176.78,30.64,74.84,453730.11,4895.9,11959.21,2072.75,5063.11,6707.02
vaxbase10,vax70,5-19 yrs,20,Non-high,598723,18838320,3146418.2,11994810.49,52186691,162365.79,27118.7,68740.12,11481.13,274.05,22.06,3.68,9.34,1.56,2017384.9,1647.62,275.19,697.55,116.51,27006.49
vaxbase10,vax70,5-19 yrs,20,All,639661,32740311.07,5118384.75,12814968.47,85549350,173467.72,27118.7,73440.3,11481.13,445.81,94.43,14.76,39.98,6.25,818971.93,6543.52,1022.97,2770.3,433.09,11818.33
vaxbase10,vax70,20-64 yrs,20,High,321847,49451618.76,15364943.45,6447883.92,85918916,35874.07,11146.31,22070.77,6857.53,2240.59,463.34,143.96,285.06,88.57,173476.53,18059.15,5611.1,11110.51,3452.11,4450.89
vaxbase10,vax70,20-64 yrs,20,Non-high,1913202,36855846.8,1926396.06,38329087.75,92836215,213251.42,11146.31,131198.46,6857.53,280.92,64.55,3.37,39.71,2.08,928115.49,2719.4,142.14,1673.06,87.45,22029.03
vaxbase10,vax70,20-64 yrs,20,All,2235049,86307465.56,3861546.91,44776971.67,178755131,249125.49,11146.31,153269.23,6857.53,563.11,527.89,23.62,324.77,14.53,265747.28,20778.56,929.67,12783.57,571.96,6751.44
vaxbase10,vax70,65+ yrs,20,High,157982,38622252.65,24447295.26,3165005.3,64799192,12317.11,7796.54,7401.52,4685.05,5218.15,324.21,205.22,194.82,123.32,198245.12,4648.21,2942.25,2793.18,1768.04,13827.36
vaxbase10,vax70,65+ yrs,20,Non-high,150576,5885061.68,3908358.54,3016645.67,10295525,11739.75,7796.54,7054.58,4685.06,834.22,40.58,26.95,24.39,16.19,241331.2,591.79,393.02,355.62,236.17,16548.86
vaxbase10,vax70,65+ yrs,20,All,308558,44507314.33,14424294.4,6181650.97,75094717,24056.86,7796.54,14456.11,4685.05,3078.79,364.79,118.22,219.21,71.04,203038.27,5240,1698.22,3148.79,1020.49,14134.72
vaxbase10,vax70,All,20,High,535078,103405379.5,19325291.87,10719752.01,186678490,61001.23,11400.44,35163.6,6571.68,2940.69,871.04,162.79,516.97,96.62,200021.64,28465.12,5319.81,16476.53,3079.28,6275.92
vaxbase10,vax70,All,20,Non-high,2871798,64685426.42,2252436.48,57533601.77,162633021,412338.08,14358.19,221488.55,7712.54,292.05,130.57,4.55,75.4,2.63,857876.42,5245.71,182.66,2892.69,100.73,22361.68
vaxbase10,vax70,All,20,All,3406876,168090805.9,4933869.21,68253353.78,349311511,473339.31,13893.65,256652.15,7533.36,654.94,1001.61,29.4,592.37,17.39,283758.5,33710.83,989.49,19369.22,568.53,8678.24
vaxbase10,vax70,0-4 yrs,50,High,14311,3979021.78,27804114.34,286704.81,48218.19,31.71,221.55,2667.54,18639.92,1491.64,0.21,1.44,17.36,121.28,229261.53,16,111.79,1345.95,9405.06,2956.29
vaxbase10,vax70,0-4 yrs,50,Non-high,209297,10285016.64,4914075.32,4193057.86,135771.3,463.69,221.55,39012.81,18639.92,263.63,0.06,0.03,5.3,2.53,1942214.56,5.33,2.54,448.03,214.06,22956.06
vaxbase10,vax70,0-4 yrs,50,All,223608,14264038.42,6379037.61,4479762.67,183989.49,495.4,221.55,41680.35,18639.92,342.22,0.27,0.12,22.65,10.13,629721.89,21.32,9.54,1793.98,802.29,7951.06
vaxbase10,vax70,5-19 yrs,50,High,40938,46607017.67,113846978.7,820157.98,657632.4,218.84,534.55,15583.27,38065.27,2990.84,1.43,3.48,101.58,248.14,458803.87,96.51,235.74,6872.14,16786.59,6782.02
vaxbase10,vax70,5-19 yrs,50,Non-high,598723,69996326,11690942.4,11994810.49,1028685,3200.49,534.55,227905.42,38065.27,307.13,0.43,0.07,30.96,5.17,2260879.31,32.48,5.42,2312.7,386.27,30266.13
vaxbase10,vax70,5-19 yrs,50,All,639661,116603343.7,18228928.08,12814968.47,1686317.4,3419.33,534.55,243488.69,38065.27,478.89,1.86,0.29,132.54,20.72,879736.22,128.98,20.16,9184.84,1435.89,12695.2
vaxbase10,vax70,20-64 yrs,50,High,321847,133773603.8,41564339.21,6447883.92,1596931,666.77,207.17,57278.06,17796.67,2335.51,8.61,2.68,739.79,229.86,180825.49,335.66,104.29,28834.01,8958.92,4639.44
vaxbase10,vax70,20-64 yrs,50,Non-high,1913202,127966561.8,6688607.15,38329087.75,1725500,3963.6,207.17,340486.28,17796.67,375.83,1.2,0.06,103.06,5.39,1241713.63,50.54,2.64,4341.92,226.95,29472.36
vaxbase10,vax70,20-64 yrs,50,All,2235049,261740165.6,11710712.63,44776971.67,3322431,4630.37,207.17,397764.35,17796.67,658.03,9.81,0.44,842.85,37.71,310541.67,386.2,17.28,33175.93,1484.35,7889.46
vaxbase10,vax70,65+ yrs,50,High,157982,102151800.7,64660527.55,3165005.3,1269644,241.34,152.76,19477.3,12328.83,5244.66,6.35,4.02,512.68,324.52,199252.34,91.07,57.65,7350.31,4652.63,13897.62
vaxbase10,vax70,65+ yrs,50,Non-high,150576,15978861.18,10611803.57,3016645.67,201725.5,230.02,152.76,18564.31,12328.84,860.73,0.8,0.53,64.17,42.62,249000.83,11.6,7.7,935.82,621.49,17074.79
vaxbase10,vax70,65+ yrs,50,All,308558,118130661.8,38284750.95,6181650.97,1471369.5,471.36,152.76,38041.61,12328.84,3105.3,7.15,2.32,576.85,186.95,204786.66,102.67,33.27,8286.13,2685.44,14256.44
vaxbase10,vax70,All,50,High,535078,286511443.9,53545737.24,10719752.01,3572425.59,1158.65,216.54,95006.18,17755.58,3015.71,16.6,3.1,1371.41,256.3,208917.56,539.23,100.78,44402.41,8298.31,6452.61
vaxbase10,vax70,All,50,Non-high,2871798,224226765.6,7807887.72,57533601.77,3091681.8,7857.81,273.62,625968.82,21797.1,358.21,2.49,0.09,203.48,7.09,1101940.07,99.94,3.48,8038.46,279.91,27894.24
vaxbase10,vax70,All,50,All,3406876,510738209.5,14991394.15,68253353.78,6664107.39,9016.46,264.65,720975,21162.35,708.4,19.09,0.56,1574.89,46.23,324300.32,639.18,18.76,52440.87,1539.27,9739.32
vaxbase10,vax70,0-4 yrs,60,High,14311,4004029.5,27978860.18,286704.81,23210.47,15.26,106.64,2683.99,18754.82,1491.82,0.1,0.69,17.46,122.02,229288.96,7.7,53.81,1354.25,9463.04,2956.65
vaxbase10,vax70,0-4 yrs,60,Non-high,209297,10355432.61,4947719.34,4193057.86,65355.33,223.2,106.64,39253.3,18754.82,263.81,0.03,0.01,5.33,2.55,1943528.84,2.56,1.22,450.79,215.38,22971.63
vaxbase10,vax70,0-4 yrs,60,All,223608,14359462.11,6421712.15,4479762.67,88565.8,238.47,106.64,41937.28,18754.82,342.4,0.13,0.06,22.79,10.19,630050.5,10.26,4.59,1805.04,807.23,7955.21
vaxbase10,vax70,5-19 yrs,60,High,40938,46994348.97,114793113,820157.98,270301.1,89.95,219.71,15712.16,38380.11,2990.95,0.59,1.43,102.42,250.19,458821.83,39.67,96.89,6928.98,16925.43,6782.28
vaxbase10,vax70,5-19 yrs,60,Non-high,598723,70602199.4,11792136.73,11994810.49,422811.6,1315.47,219.71,229790.44,38380.11,307.25,0.18,0.03,31.22,5.21,2261742.01,13.35,2.23,2331.82,389.47,30277.67
vaxbase10,vax70,5-19 yrs,60,All,639661,117596548.4,18384198.56,12814968.47,693112.7,1405.42,219.71,245502.61,38380.11,479,0.77,0.12,133.64,20.89,879951.48,53.02,8.29,9260.81,1447.77,12698.3
vaxbase10,vax70,20-64 yrs,60,High,321847,134589736.7,41817917.08,6447883.92,780798.1,326.01,101.29,57618.83,17902.55,2335.86,4.21,1.31,744.2,231.23,180852.73,164.11,50.99,29005.55,9012.22,4640.14
vaxbase10,vax70,20-64 yrs,60,Non-high,1913202,128848402,6734699.53,38329087.75,843659.8,1937.95,101.29,342511.93,17902.55,376.19,0.59,0.03,103.67,5.42,1242876.3,24.71,1.29,4367.75,228.3,29499.95
vaxbase10,vax70,20-64 yrs,60,All,2235049,263438138.7,11786682.92,44776971.67,1624457.9,2263.96,101.29,400130.76,17902.55,658.38,4.8,0.21,847.86,37.93,310707.74,188.83,8.45,33373.3,1493.18,7893.68
vaxbase10,vax70,65+ yrs,60,High,157982,102751034,65039833.06,3165005.3,670410.7,127.43,80.66,19591.2,12400.93,5244.75,3.35,2.12,515.67,326.41,199255.93,48.09,30.44,7393.3,4679.84,13897.87
vaxbase10,vax70,65+ yrs,60,Non-high,150576,16074069.48,10675032.84,3016645.67,106517.2,121.46,80.66,18672.87,12400.94,860.82,0.42,0.28,64.55,42.87,249028.14,6.12,4.07,941.29,625.12,17076.67
vaxbase10,vax70,65+ yrs,60,All,308558,118825103.4,38509811.26,6181650.97,776927.9,248.89,80.66,38264.08,12400.93,3105.4,3.77,1.22,580.22,188.04,204792.88,54.21,17.57,8334.58,2701.14,14256.87
vaxbase10,vax70,All,60,High,535078,288339149.1,53887314.61,10719752.01,1744720.37,558.65,104.41,95606.18,17867.71,3015.9,8.25,1.54,1379.76,257.86,208978.42,259.57,48.51,44682.08,8350.57,6453.13
vaxbase10,vax70,All,60,Non-high,2871798,225880103.5,7865459.24,57533601.77,1438343.93,3598.08,125.29,630228.54,21945.43,358.41,1.22,0.04,204.76,7.13,1103141.66,46.75,1.63,8091.65,281.76,27915.19
vaxbase10,vax70,All,60,All,3406876,514219252.6,15093571.14,68253353.78,3183064.3,4156.73,122.01,725834.72,21304.99,708.45,9.47,0.28,1584.52,46.51,324527.57,306.32,8.99,52773.73,1549.04,9743.85
vaxbase,vax70,0-4 yrs,10,High,14311,-424897.54,-2969046.27,286704.81,3721936,2447.33,17101.13,-228.22,-1594.71,1861.81,15.92,111.27,-1.48,-10.38,286155.19,1234.84,8628.64,-115.15,-804.64,3689.93
vaxbase,vax70,0-4 yrs,10,Non-high,209297,-2115404.97,-1010718.77,4193057.86,10480115,35792.17,17101.13,-3337.68,-1594.71,633.8,4.86,2.32,-0.45,-0.22,4669252.78,411.04,196.39,-38.33,-18.31,55188.56
vaxbase,vax70,0-4 yrs,10,All,223608,-2540302.51,-1136051.71,4479762.67,14202051,38239.5,17101.13,-3565.9,-1594.71,712.39,20.78,9.29,-1.94,-0.87,1310853.25,1645.88,736.06,-153.48,-68.64,16551.24
vaxbase,vax70,5-19 yrs,10,High,40938,-4083175.79,-9973974.96,820157.98,44312787,14745.76,36019.47,-1284.66,-3138.05,3178.4,96.12,234.8,-8.37,-20.46,487577.73,6502.81,15884.41,-566.53,-1383.86,7207.35
vaxbase,vax70,5-19 yrs,10,Non-high,598723,-9294520.16,-1552391.48,11994810.49,69315151,215656.7,36019.46,-18788.19,-3138.05,494.7,29.3,4.89,-2.55,-0.43,3641668.07,2188.4,365.51,-190.65,-31.84,48750.57
vaxbase,vax70,5-19 yrs,10,All,639661,-13377695.95,-2091372.77,12814968.47,113627938,230402.46,36019.46,-20072.85,-3138.05,666.46,125.42,19.61,-10.93,-1.71,1224314.79,8691.21,1358.72,-757.18,-118.37,17667.7
vaxbase,vax70,20-64 yrs,10,High,321847,-7312813.72,-2272139.36,6447883.92,122276861,51054.75,15863.05,-1630.32,-506.55,4485.52,659.41,204.88,-21.06,-6.54,347286.59,25701.17,7985.52,-820.71,-255,8910.33
vaxbase,vax70,20-64 yrs,10,Non-high,1913202,-24478668.74,-1279460.79,38329087.75,132121324,303492.1,15863.05,-9691.34,-506.55,2525.83,91.86,4.8,-2.93,-0.15,8345038.64,3870.16,202.29,-123.59,-6.46,198071.36
vaxbase,vax70,20-64 yrs,10,All,2235049,-31791482.46,-1422406.51,44776971.67,254398185,354546.85,15863.05,-11321.66,-506.55,2808.02,751.27,33.61,-23.99,-1.07,1325179.59,29571.34,1323.07,-944.3,-42.25,33666.83
vaxbase,vax70,65+ yrs,10,High,157982,-9576209.2,-6061593.97,3165005.3,93767545,17823.45,11281.97,-1760.09,-1114.11,5440.74,469.14,296.96,-46.33,-29.33,206701,6726.18,4257.57,-664.22,-420.44,14417.15
vaxbase,vax70,65+ yrs,10,Non-high,150576,-1772879.72,-1177396.26,3016645.67,14898119,16987.98,11281.97,-1677.6,-1114.12,1056.8,58.72,39,-5.8,-3.85,305722.16,856.35,568.72,-84.57,-56.16,20964.35
vaxbase,vax70,65+ yrs,10,All,308558,-11349088.92,-3678105.55,6181650.97,108665664,34811.43,11281.97,-3437.69,-1114.11,3301.37,527.87,171.08,-52.13,-16.89,217716.67,7582.54,2457.41,-748.79,-242.67,15156.58
vaxbase,vax70,All,10,High,535078,-21397096.25,-3998874.45,10719752.01,264079129,86071.29,16085.75,-4903.29,-916.37,4363.82,1240.61,231.86,-77.25,-14.44,277002.78,40165,7506.38,-2166.62,-404.92,9875.82
vaxbase,vax70,All,10,Non-high,2871798,-37661473.59,-1311424.87,57533601.77,226814709,571928.95,19915.36,-33494.8,-1166.34,1124.4,184.74,6.43,-11.74,-0.41,3208609.71,7325.96,255.1,-437.14,-15.22,86154.93
vaxbase,vax70,All,10,All,3406876,-59058569.84,-1733510.99,68253353.78,490893838,658000.24,19313.89,-38398.09,-1127.08,1538.06,1425.34,41.84,-88.98,-2.61,663708.52,47490.96,1393.97,-2603.75,-76.43,22682.11
vaxbase,vax70,0-4 yrs,20,High,14311,699315.46,4886589.74,286704.81,2597723,1708.11,11935.73,511,3570.7,1368.53,11.11,77.66,3.32,23.23,210338.78,861.85,6022.36,257.83,1801.65,2712.29
vaxbase,vax70,0-4 yrs,20,Non-high,209297,1050120.03,501736.56,4193057.86,7314590,24981.12,11935.72,7473.37,3570.7,140.51,3.39,1.62,1.01,0.48,1035192.55,286.89,137.07,85.83,41.01,12235.51
vaxbase,vax70,0-4 yrs,20,All,223608,1749435.49,782367.13,4479762.67,9912313,26689.24,11935.72,7984.37,3570.7,219.11,14.5,6.49,4.34,1.94,403176.56,1148.74,513.73,343.66,153.69,5090.63
vaxbase,vax70,5-19 yrs,20,High,40938,6866952.21,16773906.61,820157.98,33362659,11101.93,27118.7,2359.16,5762.73,2910.76,72.37,176.78,15.38,37.57,446519.52,4895.9,11959.21,1040.38,2541.33,6600.43
vaxbase,vax70,5-19 yrs,20,Non-high,598723,7833939.84,1308442.1,11994810.49,52186691,162365.79,27118.7,34502.72,5762.72,227.05,22.06,3.68,4.69,0.78,1671411.65,1647.62,275.19,350.12,58.48,22374.99
vaxbase,vax70,5-19 yrs,20,All,639661,14700892.05,2298231.73,12814968.47,85549350,173467.72,27118.7,36861.89,5762.72,398.81,94.43,14.76,20.07,3.14,732632.05,6543.52,1022.97,1390.5,217.38,10572.38
vaxbase,vax70,20-64 yrs,20,High,321847,29045131.28,9024513.47,6447883.92,85918916,35874.07,11146.31,13550.36,4210.19,2143.5,463.34,143.96,175.01,54.38,165958.71,18059.15,5611.1,6821.31,2119.42,4258
vaxbase,vax70,20-64 yrs,20,Non-high,1913202,14806440.26,773908.91,38329087.75,92836215,213251.42,11146.31,80549.34,4210.19,183.82,64.55,3.37,24.38,1.27,607313.89,2719.4,142.14,1027.17,53.69,14414.73
vaxbase,vax70,20-64 yrs,20,All,2235049,43851571.54,1961995.98,44776971.67,178755131,249125.49,11146.31,94099.7,4210.19,466.01,527.89,23.62,199.39,8.92,219923.78,20778.56,929.67,7848.48,351.15,5587.27
vaxbase,vax70,65+ yrs,20,High,157982,19392143.8,12274930.45,3165005.3,64799192,12317.11,7796.54,3746.25,2371.32,5176.42,324.21,205.22,98.61,62.42,196660.13,4648.21,2942.25,1413.75,894.88,13716.81
vaxbase,vax70,65+ yrs,20,Non-high,150576,2829714.28,1879256.08,3016645.67,10295525,11739.75,7796.54,3570.64,2371.31,792.5,40.58,26.95,12.34,8.2,229261.06,591.79,393.02,179.99,119.54,15721.18
vaxbase,vax70,65+ yrs,20,All,308558,22221858.08,7201841.49,6181650.97,75094717,24056.86,7796.54,7316.88,2371.32,3037.07,364.79,118.22,110.95,35.96,200286.85,5240,1698.22,1593.74,516.51,13943.18
vaxbase,vax70,All,20,High,535078,56003542.75,10466426.56,10719752.01,186678490,61001.23,11400.44,20166.77,3768.94,2777.02,871.04,162.79,292.33,54.63,191579.63,28465.12,5319.81,9533.27,1781.66,5874.54
vaxbase,vax70,All,20,Non-high,2871798,26520214.41,923470.74,57533601.77,162633021,412338.08,14358.19,126096.07,4390.84,210.32,130.57,4.55,42.42,1.48,625116.87,5245.71,182.66,1643.11,57.22,16140.22
vaxbase,vax70,All,20,All,3406876,82523757.16,2422270.64,68253353.78,349311511,473339.31,13893.65,146262.84,4293.17,564.22,1001.61,29.4,334.75,9.83,246523.87,33710.83,989.49,11176.38,328.05,7383.76
vaxbase,vax70,0-4 yrs,50,High,14311,3248820.27,22701702.9,286704.81,48218.19,31.71,221.55,2187.41,15284.88,1485.24,0.21,1.44,14.23,99.45,228277.34,16,111.79,1103.69,7712.22,2943.6
vaxbase,vax70,0-4 yrs,50,Non-high,209297,8228938.73,3931702.41,4193057.86,135771.3,463.69,221.55,31990.8,15284.88,257.23,0.06,0.03,4.34,2.07,1895038.35,5.33,2.54,367.39,175.53,22398.47
vaxbase,vax70,0-4 yrs,50,All,223608,11477759,5132982.27,4479762.67,183989.49,495.4,221.55,34178.2,15284.88,335.82,0.27,0.12,18.57,8.31,617938.96,21.32,9.54,1471.08,657.88,7802.28
vaxbase,vax70,5-19 yrs,50,High,40938,39571978.81,96662486.74,820157.98,657632.4,218.84,534.55,13242.26,32346.87,2988.31,1.43,3.48,86.32,210.86,458416.23,96.51,235.74,5839.77,14264.81,6776.29
vaxbase,vax70,5-19 yrs,50,Non-high,598723,58991945.84,9852966.3,11994810.49,1028685,3200.49,534.55,193668.02,32346.86,304.6,0.43,0.07,26.31,4.39,2242288.64,32.48,5.42,1965.27,328.24,30017.25
vaxbase,vax70,5-19 yrs,50,All,639661,98563924.65,15408775.06,12814968.47,1686317.4,3419.33,534.55,206910.28,32346.86,476.36,1.86,0.29,112.63,17.61,875096.53,128.98,20.16,7805.04,1220.18,12628.24
vaxbase,vax70,20-64 yrs,50,High,321847,113367116.3,35223909.23,6447883.92,1596931,666.77,207.17,48757.66,15149.33,2325.11,8.61,2.68,629.75,195.67,180020.42,335.66,104.29,24544.8,7626.23,4618.78
vaxbase,vax70,20-64 yrs,50,Non-high,1913202,105917155.3,5536120,38329087.75,1725500,3963.6,207.17,289837.17,15149.32,365.44,1.2,0.06,87.73,4.59,1207360.3,50.54,2.64,3696.03,193.19,28656.97
vaxbase,vax70,20-64 yrs,50,All,2235049,219284271.5,9811161.7,44776971.67,3322431,4630.37,207.17,338594.82,15149.32,647.63,9.81,0.44,717.47,32.1,305634.57,386.2,17.28,28240.84,1263.54,7764.79
vaxbase,vax70,65+ yrs,50,High,157982,82921691.8,52488162.74,3165005.3,1269644,241.34,152.76,15822.02,10015.1,5240.9,6.35,4.02,416.46,263.61,199109.75,91.07,57.65,5970.89,3779.48,13887.67
vaxbase,vax70,65+ yrs,50,Non-high,150576,12923513.78,8582701.12,3016645.67,201725.5,230.02,152.76,15080.36,10015.1,856.98,0.8,0.53,52.13,34.62,247914.81,11.6,7.7,760.19,504.86,17000.32
vaxbase,vax70,65+ yrs,50,All,308558,95845205.58,31062298.04,6181650.97,1471369.5,471.36,152.76,30902.38,10015.1,3101.55,7.15,2.32,468.59,151.86,204539.11,102.67,33.27,6731.08,2181.46,14239.21
vaxbase,vax70,All,50,High,535078,239109607.2,44686871.93,10719752.01,3572425.59,1158.65,216.54,80009.35,14952.84,2988.52,16.6,3.1,1146.76,214.32,208508.26,539.23,100.78,37459.15,7000.69,6383.21
vaxbase,vax70,All,50,Non-high,2871798,186061553.6,6478921.97,57533601.77,3091681.8,7857.81,273.62,530576.34,18475.41,350.68,2.49,0.09,170.51,5.94,1091230.17,99.94,3.48,6788.88,236.4,27406.8
vaxbase,vax70,All,50,All,3406876,425171160.8,12479795.59,68253353.78,6664107.39,9016.46,264.65,610585.69,17922.16,696.33,19.09,0.56,1317.27,38.67,322767.03,639.18,18.76,44248.03,1298.79,9608.82
vaxbase,vax70,0-4 yrs,60,High,14311,3273827.99,22876448.74,286704.81,23210.47,15.26,106.64,2203.85,15399.78,1485.5,14.44,100.89,14.34,100.2,228318.09,7.7,53.81,1111.99,7770.2,2944.13
vaxbase,vax70,0-4 yrs,60,Non-high,209297,8299354.7,3965346.44,4193057.86,65355.33,223.2,106.64,32231.29,15399.78,257.49,4.41,2.1,4.38,2.09,1896995.36,2.56,1.22,370.15,176.85,22421.59
vaxbase,vax70,0-4 yrs,60,All,223608,11573182.69,5175656.81,4479762.67,88565.8,238.47,106.64,34435.14,15399.78,336.09,18.84,8.43,18.71,8.37,618427.42,10.26,4.59,1482.14,662.83,7808.45
vaxbase,vax70,5-19 yrs,60,High,40938,39959310.11,97608621.05,820157.98,270301.1,89.95,219.71,13371.15,32661.72,2988.47,87.75,214.35,87.16,212.91,458441.07,39.67,96.89,5896.61,14403.66,6776.66
vaxbase,vax70,5-19 yrs,60,Non-high,598723,59597819.24,9954160.62,11994810.49,422811.6,1315.47,219.71,195553.04,32661.7,304.77,26.74,4.47,26.56,4.44,2243481.59,13.35,2.23,1984.4,331.44,30033.22
vaxbase,vax70,5-19 yrs,60,All,639661,99557129.35,15564045.54,12814968.47,693112.7,1405.42,219.71,208924.19,32661.71,476.52,114.49,17.9,113.73,17.78,875394.2,53.02,8.29,7881.01,1232.06,12632.54
vaxbase,vax70,20-64 yrs,60,High,321847,114183249.2,35477487.1,6447883.92,780798.1,326.01,101.29,49098.42,15255.2,2325.6,638.36,198.34,634.15,197.03,180057.98,164.11,50.99,24716.34,7679.53,4619.75
vaxbase,vax70,20-64 yrs,60,Non-high,1913202,106798995.5,5582212.38,38329087.75,843659.8,1937.95,101.29,291862.82,15255.2,365.92,88.93,4.65,88.34,4.62,1208963.16,24.71,1.29,3721.87,194.54,28695.01
vaxbase,vax70,20-64 yrs,60,All,2235049,220982244.6,9887131.99,44776971.67,1624457.9,2263.96,101.29,340961.24,15255.2,648.12,727.28,32.54,722.49,32.33,305863.52,188.83,8.45,28438.21,1272.38,7770.61
vaxbase,vax70,65+ yrs,60,High,157982,83520925.1,52867468.26,3165005.3,670410.7,127.43,80.66,15935.93,10087.2,5241.05,422.81,267.64,419.46,265.51,199115.18,48.09,30.44,6013.87,3806.69,13888.05
vaxbase,vax70,65+ yrs,60,Non-high,150576,13018722.08,8645930.39,3016645.67,106517.2,121.46,80.66,15188.93,10087.2,857.12,52.92,35.15,52.5,34.87,247956.15,6.12,4.07,765.67,508.49,17003.16
vaxbase,vax70,65+ yrs,60,All,308558,96539647.18,31287358.35,6181650.97,776927.9,248.89,80.66,31124.85,10087.2,3101.69,475.74,154.18,471.96,152.96,204548.54,54.21,17.57,6779.53,2197.17,14239.86
vaxbase,vax70,All,60,High,535078,240937312.4,45028449.29,10719752.01,1744720.37,558.65,104.41,80609.35,15064.97,2988.95,1163.36,217.42,1155.11,215.88,208583.9,259.57,48.51,37738.81,7052.96,6384.34
vaxbase,vax70,All,60,Non-high,2871798,187714891.5,6536493.5,57533601.77,1438343.93,3598.08,125.29,534836.07,18623.74,350.98,173,6.02,171.78,5.98,1092742.12,46.75,1.63,6842.08,238.25,27435.37
vaxbase,vax70,All,60,All,3406876,428652203.9,12581972.57,68253353.78,3183064.3,4156.73,122.01,615445.42,18064.8,696.49,1336.36,39.23,1326.89,38.95,323049.52,306.32,8.99,44580.89,1308.56,9615.16