reference,scenario,age,v.eff,risk,pop.size,cost.diff,cost.diff.per100k,vax.costs,c.costs,cases,cases.per100k,cases.averted,cases.averted.per100k,icer.case.averted,deaths,deaths.per100k,deaths.averted,deaths.averted.per100k,icer.death.averted,dalys,dalys.per100k,dalys.averted,dalys.averted.per100k,icer.daly.averted,,,,,,,,,,,,,,,,,,,,
none,base,0-4 yrs,0,High,14310.91,na,na,0.00,7222592.00,4749.16,33185.56,na,na,na,30.90,215.92,na,na,na,2396.26,16744.29,na,na,na,,,,,,,,,,,,,,,,,,,,
none,base,0-4 yrs,0,Non-high,209297.09,na,na,0.00,20337159.00,69456.40,33185.55,na,na,na,9.43,4.50,na,na,na,797.65,381.11,na,na,na,,,,,,,,,,,,,,,,,,,,
none,base,0-4 yrs,0,All,223608.00,na,na,0.00,27559752.00,74205.56,33185.56,na,na,na,40.33,18.03,na,na,na,3193.91,1428.35,na,na,na,,,,,,,,,,,,,,,,,,,,
none,base,5-19 yrs,0,High,40938.30,na,na,0.00,80736905.00,26866.44,65626.66,na,na,na,175.14,427.81,na,na,na,11847.97,28941.04,na,na,na,,,,,,,,,,,,,,,,,,,,
none,base,5-19 yrs,0,Non-high,598722.70,na,na,0.00,126290650.00,392921.60,65626.64,na,na,na,53.38,8.92,na,na,na,3987.22,665.95,na,na,na,,,,,,,,,,,,,,,,,,,,
none,base,5-19 yrs,0,All,639661.00,na,na,0.00,207027555.00,419788.10,65626.65,na,na,na,228.51,35.72,na,na,na,15835.18,2475.56,na,na,na,,,,,,,,,,,,,,,,,,,,
none,base,20-64 yrs,0,High,321847.06,na,na,0.00,236511389.00,98751.56,30682.76,na,na,na,1275.46,396.29,na,na,na,49711.94,15445.83,na,na,na,,,,,,,,,,,,,,,,,,,,
none,base,20-64 yrs,0,Non-high,1913201.94,na,na,0.00,255552830.00,587023.20,30682.76,na,na,na,177.68,9.29,na,na,na,7485.78,391.27,na,na,na,,,,,,,,,,,,,,,,,,,,
none,base,20-64 yrs,0,All,2235049.00,na,na,0.00,492064219.00,685774.70,30682.76,na,na,na,1453.14,65.02,na,na,na,57197.72,2559.13,na,na,na,,,,,,,,,,,,,,,,,,,,
none,base,65+ yrs,0,High,157981.70,na,na,0.00,184617769.00,35092.38,22212.94,na,na,na,923.69,584.68,na,na,na,13243.10,8382.68,na,na,na,,,,,,,,,,,,,,,,,,,,
none,base,65+ yrs,0,Non-high,150576.30,na,na,0.00,29332723.00,33447.42,22212.94,na,na,na,115.62,76.78,na,na,na,1686.07,1119.74,na,na,na,,,,,,,,,,,,,,,,,,,,
none,base,65+ yrs,0,All,308558.00,na,na,0.00,213950493.00,68539.80,22212.94,na,na,na,1039.31,336.83,na,na,na,14929.16,4838.37,na,na,na,,,,,,,,,,,,,,,,,,,,
none,base,All,0,High,535077.97,na,na,0.00,509088655.00,165459.54,30922.51,na,na,na,2405.19,449.50,na,na,na,77199.26,14427.67,na,na,na,,,,,,,,,,,,,,,,,,,,
none,base,All,0,Non-high,2871798.03,na,na,0.00,431513362.00,1082848.62,37706.29,na,na,na,356.10,12.40,na,na,na,13956.71,485.99,na,na,na,,,,,,,,,,,,,,,,,,,,
none,base,All,0,All,3406876.00,na,na,0.00,940602019.00,1248308.16,36640.85,na,na,na,2761.29,81.05,na,na,na,91155.98,2675.65,na,na,na,,,,,,,,,,,,,,,,,,,,
base,vaxbase,0-4 yrs,10,High,14310.91,886752.80,6196341.11,208884.90,6126955.00,4028.73,28151.45,720.43,5034.12,1230.87,26.21,183.16,4.69,32.75,189181.40,2032.76,14204.25,363.50,2540.04,2439.47,,,,,,,,,,,,,,,,,,,,
base,vaxbase,0-4 yrs,10,Non-high,209297.09,30121.75,14391.86,3054942.00,17252095.00,58920.15,28151.44,10536.25,5034.11,2.86,8.00,3.82,1.43,0.68,21061.69,676.65,323.30,121.00,57.81,248.94,,,,,,,,,,,,,,,,,,,,
base,vaxbase,0-4 yrs,10,All,223608.00,916874.50,410036.54,3263826.90,23379050.00,62948.88,28151.44,11256.68,5034.11,81.45,34.21,15.30,6.12,2.74,149877.74,2709.41,1211.68,484.50,216.68,1892.40,,,,,,,,,,,,,,,,,,,,
base,vaxbase,5-19 yrs,10,High,40938.30,9262847.00,22626359.67,597543.70,70876514.00,23585.24,57611.67,3281.20,8014.99,2823.01,153.75,375.56,21.39,52.25,433058.60,10400.98,25406.47,1446.99,3534.57,6401.45,,,,,,,,,,,,,,,,,,,,
base,vaxbase,5-19 yrs,10,Non-high,598722.70,6684789.00,1116508.36,8739076.00,110866784.00,344934.20,57611.68,47987.40,8014.96,139.30,46.86,7.83,6.52,1.09,1025455.00,3500.26,584.62,486.96,81.33,13727.63,,,,,,,,,,,,,,,,,,,,
base,vaxbase,5-19 yrs,10,All,639661.00,15947637.00,2493138.87,9336619.70,181743298.00,368519.40,57611.67,51268.70,8014.98,311.06,200.60,31.36,27.91,4.36,571431.74,13901.23,2173.22,1933.95,302.34,8246.15,,,,,,,,,,,,,,,,,,,,
base,vaxbase,20-64 yrs,10,High,321847.06,26339281.00,8183787.98,3039717.00,207132391.00,86484.83,26871.41,12266.73,3811.35,2147.21,1117.02,347.07,158.44,49.23,166246.50,43536.82,13527.17,6175.12,1918.65,4265.39,,,,,,,,,,,,,,,,,,,,
base,vaxbase,20-64 yrs,10,Non-high,1913201.94,13674863.00,714763.18,18069427.00,223808541.00,514104.30,26871.41,72918.90,3811.35,187.54,155.61,8.13,22.07,1.15,619594.40,6555.91,342.67,929.87,48.60,14706.21,,,,,,,,,,,,,,,,,,,,
base,vaxbase,20-64 yrs,10,All,2235049.00,40014144.00,1790302.76,21109144.00,430940932.00,600589.10,26871.41,85185.60,3811.35,469.73,1272.63,56.94,180.51,8.08,221677.89,50092.73,2241.24,7104.99,317.89,5631.84,,,,,,,,,,,,,,,,,,,,
base,vaxbase,65+ yrs,10,High,157981.70,26936510.00,17050398.88,2848504.77,154832754.00,29430.80,18629.25,5661.58,3583.69,4757.78,774.67,490.35,149.02,94.33,180755.10,11106.54,7030.27,2136.55,1352.41,12607.45,,,,,,,,,,,,,,,,,,,,
base,vaxbase,65+ yrs,10,Non-high,150576.30,2017367.00,1339763.96,2714981.11,24600375.00,28051.24,18629.25,5396.18,3583.68,373.85,96.97,64.40,18.65,12.39,108151.30,1414.05,939.09,272.02,180.65,7416.29,,,,,,,,,,,,,,,,,,,,
base,vaxbase,65+ yrs,10,All,308558.00,28953878.00,9383609.56,5563485.87,179433129.00,57482.04,18629.25,11057.76,3583.69,2618.42,871.63,282.49,167.68,54.34,172678.15,12520.59,4057.78,2408.57,780.59,12021.17,,,,,,,,,,,,,,,,,,,,
base,vaxbase,All,10,High,535077.97,63425392.00,11853485.95,6694650.37,438968614.00,143529.6,26824.05,21929.94,4098.46,2892.18,2071.65,387.17,333.53,62.33,190161.71,67077.09,12535.95,10122.17,1891.72,6265.99,,,,,,,,,,,,,,,,,,,,
base,vaxbase,All,10,Non-high,2871798.03,22407141.00,780247.80,32578426.11,376527795.00,946009.8,32941.38,136838.82,4764.92,163.75,307.43,10.71,48.67,1.69,460361.83,12146.87,422.97,1809.85,63.02,12380.68,,,,,,,,,,,,,,,,,,,,
base,vaxbase,All,10,All,3406876.00,85832533.00,2519391.17,39273076.60,815496409.00,1089539,31980.59,158769.16,4660.26,540.61,2379.08,69.83,382.21,11.22,224570.87,79223.96,2325.41,11932.02,350.23,7193.46,,,,,,,,,,,,,,,,,,,,
base,vaxbase,0-4 yrs,20,High,14310.91,1976605.00,13811875.00,208884.90,5037102.00,3312.11,23143.92,1437.05,10041.65,1375.46,21.55,150.58,9.35,65.33,211404.30,1671.17,11677.62,725.09,5066.67,2726.03,,,,,,,,,,,,,,,,,,,,
base,vaxbase,0-4 yrs,20,Non-high,209297.09,3098895.00,1480620.20,3054942.00,14183322.00,48439.54,23143.91,21016.86,10041.64,147.45,6.58,3.14,2.85,1.36,1086271.00,556.29,265.79,241.36,115.32,12839.22,,,,,,,,,,,,,,,,,,,,
base,vaxbase,0-4 yrs,20,All,223608.00,5075500.00,2269820.40,3263826.90,19220424.00,51751.64,23143.91,22453.92,10041.64,226.04,28.12,12.58,12.20,5.46,415933.90,2227.46,996.15,966.45,432.21,5251.71,,,,,,,,,,,,,,,,,,,,
base,vaxbase,5-19 yrs,20,High,40938.30,19762905.00,48274855.09,597543.70,60376456.00,20091.19,49076.76,6775.25,16549.91,2916.93,130.97,319.92,44.17,107.89,447465.70,8860.12,21642.61,2987.85,7298.43,6614.42,,,,,,,,,,,,,,,,,,,,
base,vaxbase,5-19 yrs,20,Non-high,598722.70,23109237.00,3859756.28,8739076.00,94442336.00,293833.60,49076.74,99088.00,16549.90,233.22,39.92,6.67,13.46,2.25,1716806.00,2981.71,498.01,1005.51,167.94,22982.67,,,,,,,,,,,,,,,,,,,,
base,vaxbase,5-19 yrs,20,All,639661.00,42872142.00,6702322.32,9336619.70,154818793.00,313924.80,49076.75,105863.30,16549.91,404.98,170.89,26.72,57.63,9.01,743960.58,11841.82,1851.27,3993.36,624.29,10735.86,,,,,,,,,,,,,,,,,,,,
base,vaxbase,20-64 yrs,20,High,321847.06,56796725.00,17647116.30,3039717.00,176674947.00,73767.81,22920.14,24983.75,7762.62,2273.35,952.77,296.03,322.69,100.26,176012.30,37135.02,11538.09,12576.92,3907.73,4515.95,,,,,,,,,,,,,,,,,,,,
base,vaxbase,20-64 yrs,20,Non-high,1913201.94,46584424.00,2434893.20,18069427.00,190898979.00,438508.60,22920.14,148514.60,7762.62,313.67,132.73,6.94,44.95,2.35,1036326.00,5591.91,292.28,1893.87,98.99,24597.43,,,,,,,,,,,,,,,,,,,,
base,vaxbase,20-64 yrs,20,All,2235049.00,103381149.00,4625453.36,21109144.00,367573927.00,512276.40,22920.14,173498.30,7762.62,595.86,1085.50,48.57,367.64,16.45,281204.04,42726.92,1911.68,14470.80,647.45,7144.12,,,,,,,,,,,,,,,,,,,,
base,vaxbase,65+ yrs,20,High,157981.70,55638166.00,35218108.17,2848504.77,126131099.00,23975.16,15175.91,11117.22,7037.03,5004.68,631.07,399.46,292.62,185.23,190135.40,9047.70,5727.06,4195.40,2655.62,13261.72,,,,,,,,,,,,,,,,,,,,
base,vaxbase,65+ yrs,20,Non-high,150576.30,6577588.00,4368275.75,2714981.11,20040155.00,22851.32,15175.91,10596.10,7037.03,620.76,78.99,52.46,36.63,24.33,179578.50,1151.92,765.01,534.14,354.73,12314.28,,,,,,,,,,,,,,,,,,,,
base,vaxbase,65+ yrs,20,All,308558.00,62215753.00,20163390.03,5563485.87,146171253.00,46826.48,15175.91,21713.32,7037.03,2865.33,710.06,230.12,329.25,106.71,188960.95,10199.62,3305.58,4729.54,1532.79,13154.72,,,,,,,,,,,,,,,,,,,,
base,vaxbase,All,20,High,535077.97,134174401.00,25075672.80,6694650.37,368219604.00,121146.30,22640.87,44313.24,8281.64,3027.86,1736.36,324.51,668.83,125.00,200611.77,56714.01,10599.20,20485.26,3828.46,6549.80,,,,,,,,,,,,,,,,,,,,
base,vaxbase,All,20,Non-high,2871798.03,79370144.00,2763778.76,32578426.11,319564792.00,803633.10,27983.62,279215.52,9722.67,284.26,258.21,8.99,97.89,3.41,810786.13,10281.83,358.03,3674.89,127.96,21597.99,,,,,,,,,,,,,,,,,,,,
base,vaxbase,All,20,All,3406876.00,213544544.00,6268045.68,39273076.60,687784397.00,924779.40,27144.50,323528.76,9496.35,660.05,1994.57,58.55,766.72,22.51,278517.36,66995.83,1966.49,24160.14,709.16,8838.71,,,,,,,,,,,,,,,,,,,,
base,vaxbase,0-4 yrs,30,High,14310.91,3045698.00,21282350.32,208884.90,3968009.00,2609.13,18231.77,2140.02,14953.79,1423.21,16.98,118.62,13.92,97.29,218743.10,1316.48,9199.12,1079.78,7545.17,2820.66,,,,,,,,,,,,,,,,,,,,
base,vaxbase,0-4 yrs,30,Non-high,209297.09,6109216.00,2918920.66,3054942.00,11173001.00,38158.55,18231.76,31297.85,14953.79,195.20,5.18,2.47,4.25,2.03,1438037.00,438.22,209.38,359.43,171.73,16996.93,,,,,,,,,,,,,,,,,,,,
base,vaxbase,0-4 yrs,30,All,223608.00,9154914.00,4094179.99,3263826.90,15141010.00,40767.68,18231.76,33437.88,14953.79,273.79,22.16,9.91,18.17,8.13,503793.98,1754.70,784.72,1439.21,643.63,6361.06,,,,,,,,,,,,,,,,,,,,
base,vaxbase,5-19 yrs,30,High,40938.30,30703685.00,74999902.29,597543.70,49435676.00,16450.48,40183.59,10415.96,25443.07,2947.75,107.24,261.95,67.90,165.86,452194.60,7254.58,17720.76,4593.39,11220.27,6684.32,,,,,,,,,,,,,,,,,,,,
base,vaxbase,5-19 yrs,30,Non-high,598722.70,40223075.00,6718147.65,8739076.00,77328499.00,240588.20,40183.58,152333.40,25443.06,264.05,32.68,5.46,20.69,3.46,1943734.00,2441.40,407.77,1545.82,258.19,26020.53,,,,,,,,,,,,,,,,,,,,
base,vaxbase,5-19 yrs,30,All,639661.00,70926760.00,11088179.52,9336619.70,126764174.00,257038.70,40183.58,162749.40,25443.07,435.80,139.92,21.87,88.59,13.85,800591.20,9695.98,1515.80,6139.21,959.76,11553.08,,,,,,,,,,,,,,,,,,,,
base,vaxbase,20-64 yrs,30,High,321847.06,87880985.00,27305200.49,3039717.00,145590687.00,60789.07,18887.56,37962.49,11795.20,2314.94,785.14,243.95,490.32,152.34,179232.90,30601.47,9508.08,19110.47,5937.75,4598.58,,,,,,,,,,,,,,,,,,,,
base,vaxbase,20-64 yrs,30,Non-high,1913201.94,80171266.00,4190423.62,18069427.00,157312137.00,361357.20,18887.56,225666.00,11795.20,355.27,109.37,5.72,68.30,3.57,1173755.00,4608.07,240.86,2877.72,150.41,27859.34,,,,,,,,,,,,,,,,,,,,
base,vaxbase,20-64 yrs,30,All,2235049.00,168052251.00,7518951.53,21109144.00,302902824.00,422146.30,18887.56,263628.40,11795.20,637.46,894.52,40.02,558.62,24.99,300834.38,35209.53,1575.34,21988.19,983.79,7642.84,,,,,,,,,,,,,,,,,,,,
base,vaxbase,65+ yrs,30,High,157981.70,83249781.00,52695838.19,2848504.77,98519483.00,18726.71,11853.72,16365.67,10359.22,5086.85,492.92,312.01,430.77,272.67,193257.10,7067.05,4473.34,6176.05,3909.34,13479.46,,,,,,,,,,,,,,,,,,,,
base,vaxbase,65+ yrs,30,Non-high,150576.30,10964619.00,7281769.44,2714981.11,15653124.00,17848.89,11853.72,15598.53,10359.22,702.93,61.70,40.98,53.92,35.81,203349.70,899.75,597.54,786.31,522.20,13944.35,,,,,,,,,,,,,,,,,,,,
base,vaxbase,65+ yrs,30,All,308558.00,94214400.00,30533773.23,5563485.87,114172607.00,36575.60,11853.72,31964.20,10359.22,2947.50,554.62,179.74,484.69,157.08,194379.90,7966.80,2581.95,6962.36,2256.42,13531.96,,,,,,,,,,,,,,,,,,,,
base,vaxbase,All,30,High,535077.97,204880150.00,38289774.85,6694650.37,297513855.00,98575.38,18422.62,66884.16,12499.89,3063.21,1402.27,262.07,1002.91,187.43,204285.21,46239.57,8641.65,30959.69,5786.01,6617.64,,,,,,,,,,,,,,,,,,,,
base,vaxbase,All,30,Non-high,2871798.03,137468176.00,4786833.01,32578426.11,261466761.00,657952.90,22910.83,424895.72,14795.46,323.53,208.93,7.28,147.17,5.12,934107.56,8387.43,292.06,5569.28,193.93,24683.29,,,,,,,,,,,,,,,,,,,,
base,vaxbase,All,30,All,3406876.00,342348326.00,10048746.30,39273076.60,558980615.00,756528.30,22205.92,491779.86,14434.92,696.14,1611.21,47.29,1150.08,33.76,297674.13,54627.01,1603.43,36528.97,1072.21,9371.97,,,,,,,,,,,,,,,,,,,,
base,vaxbase,0-4 yrs,40,High,14310.91,4090832.00,28585407.92,208884.90,2922875.00,1921.91,13429.70,2827.24,19755.86,1446.93,12.50,87.38,18.39,128.54,222389.70,969.73,6776.16,1426.53,9968.13,2867.68,,,,,,,,,,,,,,,,,,,,
base,vaxbase,0-4 yrs,40,Non-high,209297.09,9052073.00,4324987.51,3054942.00,8230144.00,28107.97,13429.70,41348.43,19755.86,218.92,3.82,1.82,5.61,2.68,1612828.00,322.80,154.23,474.85,226.88,19062.88,,,,,,,,,,,,,,,,,,,,
base,vaxbase,0-4 yrs,40,All,223608.00,13142905.00,5877654.20,3263826.90,11153019.00,30029.88,13429.70,44175.68,19755.86,297.51,16.32,7.30,24.01,10.74,547451.56,1292.53,578.03,1901.38,850.32,6912.29,,,,,,,,,,,,,,,,,,,,
base,vaxbase,5-19 yrs,40,High,40938.30,42311243.00,103353688.36,597543.70,37828118.00,12587.88,30748.42,14278.56,34878.24,2963.27,82.06,200.44,93.08,227.36,454575.30,5551.20,13559.91,6296.77,15381.13,6719.51,,,,,,,,,,,,,,,,,,,,
base,vaxbase,5-19 yrs,40,Non-high,598722.70,58379902.00,9750741.37,8739076.00,59171671.00,184097.80,30748.42,208823.80,34878.22,279.57,25.01,4.18,28.37,4.74,2057975.00,1868.15,312.02,2119.06,353.93,27549.86,,,,,,,,,,,,,,,,,,,,
base,vaxbase,5-19 yrs,40,All,639661.00,100691145.00,15741329.39,9336619.70,96999789.00,196685.70,30748.43,223102.40,34878.22,451.32,107.07,16.74,121.45,18.99,829100.15,7419.35,1159.89,8415.84,1315.67,11964.49,,,,,,,,,,,,,,,,,,,,
base,vaxbase,20-64 yrs,40,High,321847.06,120097880.00,37315201.82,3039717.00,113373793.00,47337.42,14708.05,51414.14,15974.71,2335.89,611.40,189.97,664.06,206.33,180854.90,23829.85,7404.09,25882.09,8041.74,4640.19,,,,,,,,,,,,,,,,,,,,
base,vaxbase,20-64 yrs,40,Non-high,1913201.94,114981930.00,6009921.25,18069427.00,122501473.00,281394.70,14708.05,305628.50,15974.71,376.21,85.17,4.45,92.51,4.84,1242969.00,3588.38,187.56,3897.41,203.71,29502.16,,,,,,,,,,,,,,,,,,,,
base,vaxbase,20-64 yrs,40,All,2235049.00,235079810.00,10517881.71,21109144.00,235875266.00,328732.10,14708.05,357042.60,15974.71,658.41,696.57,31.17,756.56,33.85,310720.98,27418.23,1226.74,29779.49,1332.39,7894.02,,,,,,,,,,,,,,,,,,,,
base,vaxbase,65+ yrs,40,High,157981.70,109240505.00,69147568.99,2848504.77,72528759.00,13786.36,8726.56,21306.02,13486.38,5127.21,362.88,229.70,560.81,354.98,194790.40,5202.67,3293.21,8040.43,5089.47,13586.40,,,,,,,,,,,,,,,,,,,,
base,vaxbase,65+ yrs,40,Non-high,150576.30,15094117.00,10024231.57,2714981.11,11523626.00,13140.12,8726.55,20307.30,13486.39,743.29,45.42,30.17,70.20,46.62,215025.10,662.39,439.90,1023.68,679.84,14744.97,,,,,,,,,,,,,,,,,,,,
base,vaxbase,65+ yrs,40,All,308558.00,124334622.00,40295381.10,5563485.87,84052385.00,26926.48,8726.55,41613.32,13486.39,2987.86,408.30,132.33,631.01,204.50,197041.46,5865.06,1900.80,9064.11,2937.57,13717.25,,,,,,,,,,,,,,,,,,,,
base,vaxbase,All,40,High,535077.97,275740460.00,51532762.60,6694650.37,226653545.00,75633.57,14135.06,89825.96,16787.45,3069.72,1068.84,199.75,1336.34,249.75,206339.97,35553.45,6644.54,41645.82,7783.13,6621.08,,,,,,,,,,,,,,,,,,,,
base,vaxbase,All,40,Non-high,2871798.03,197508022.00,6877503.92,32578426.11,201426914.00,506740.59,17645.41,576108.03,20060.88,342.83,159.42,5.55,196.68,6.85,1004194.54,6441.71,224.31,7515.00,261.68,26281.83,,,,,,,,,,,,,,,,,,,,
base,vaxbase,All,40,All,3406876.00,473248482.00,13890980.53,39273076.60,428080459.00,582374.16,17094.08,665934.00,19546.76,710.65,1228.26,36.05,1533.02,45.00,308702.69,41995.16,1232.66,49160.82,1442.99,9626.54,,,,,,,,,,,,,,,,,,,,
base,vaxbase,0-4 yrs,50,High,14310.91,7013707.00,49009510.93,208884.90,0.00,0.00,0.00,4749.16,33185.56,1476.83,0.00,0.00,30.90,215.92,226985.10,0.00,0.00,2396.26,16744.29,2926.94,,,,,,,,,,,,,,,,,,,,
base,vaxbase,0-4 yrs,50,Non-high,209297.09,17282217.00,8257265.78,3054942.00,0.00,0.00,0.00,69456.40,33185.55,248.82,0.00,0.00,9.43,4.50,1833101.00,0.00,0.00,797.65,381.11,21666.40,,,,,,,,,,,,,,,,,,,,
base,vaxbase,0-4 yrs,50,All,223608.00,24295924.00,10865409.11,3263826.90,0.00,0.00,0.00,74205.56,33185.56,327.41,0.00,0.00,40.33,18.03,602468.80,0.00,0.00,3193.91,1428.35,7606.95,,,,,,,,,,,,,,,,,,,,
base,vaxbase,5-19 yrs,50,High,40938.30,80139361.00,195756445.68,597543.70,0.00,0.00,0.00,26866.44,65626.66,2982.88,0.00,0.00,175.14,427.81,457583.20,0.00,0.00,11847.97,28941.04,6763.98,,,,,,,,,,,,,,,,,,,,
base,vaxbase,5-19 yrs,50,Non-high,598722.70,117551574.00,19633725.93,8739076.00,0.00,0.00,0.00,392921.60,65626.64,299.17,0.00,0.00,53.38,8.92,2202314.00,0.00,0.00,3987.22,665.95,29482.12,,,,,,,,,,,,,,,,,,,,
base,vaxbase,5-19 yrs,50,All,639661.00,197690935.00,30905578.89,9336619.70,0.00,0.00,0.00,419788.10,65626.65,470.93,0.00,0.00,228.51,35.72,865120.80,0.00,0.00,15835.18,2475.56,12484.28,,,,,,,,,,,,,,,,,,,,
base,vaxbase,20-64 yrs,50,High,321847.06,233471672.00,72541185.24,3039717.00,0.00,0.00,0.00,98751.56,30682.76,2364.23,0.00,0.00,1275.46,396.29,183049.20,0.00,0.00,49711.94,15445.83,4696.49,,,,,,,,,,,,,,,,,,,,
base,vaxbase,20-64 yrs,50,Non-high,1913201.94,237483403.00,12412876.97,18069427.00,0.00,0.00,0.00,587023.20,30682.76,404.56,0.00,0.00,177.68,9.29,1336604.00,0.00,0.00,7485.78,391.27,31724.60,,,,,,,,,,,,,,,,,,,,
base,vaxbase,20-64 yrs,50,All,2235049.00,470955076.00,21071353.51,21109144.00,0.00,0.00,0.00,685774.70,30682.76,686.75,0.00,0.00,1453.14,65.02,324095.70,0.00,0.00,57197.72,2559.13,8233.81,,,,,,,,,,,,,,,,,,,,
base,vaxbase,65+ yrs,50,High,157981.70,181769264.00,115057164.22,2848504.77,0.00,0.00,0.00,35092.38,22212.94,5179.74,0.00,0.00,923.69,584.68,196785.90,0.00,0.00,13243.10,8382.68,13725.58,,,,,,,,,,,,,,,,,,,,
base,vaxbase,65+ yrs,50,Non-high,150576.30,26617742.00,17677245.36,2714981.11,0.00,0.00,0.00,33447.42,22212.94,795.81,0.00,0.00,115.62,76.78,230219.60,0.00,0.00,1686.07,1119.74,15786.90,,,,,,,,,,,,,,,,,,,,
base,vaxbase,65+ yrs,50,All,308558.00,208387007.00,67535765.40,5563485.87,0.00,0.00,0.00,68539.80,22212.94,3040.38,0.00,0.00,1039.31,336.83,200505.20,0.00,0.00,14929.16,4838.36,13958.38,,,,,,,,,,,,,,,,,,,,
base,vaxbase,All,50,High,535077.97,502394005.00,93891737.87,6694650.37,0.00,0.00,0.00,165459.50,30922.50,3036.36,0.00,0.00,2405.19,449.50,208879.60,0.00,0.00,77199.26,14427.67,6507.76,,,,,,,,,,,,,,,,,,,,
base,vaxbase,All,50,Non-high,2871798.03,398934936.00,13891469.10,32578426.11,0.00,0.00,0.00,1082849.00,37706.31,368.41,0.00,0.00,356.10,12.40,1120289.00,0.00,0.00,13956.71,485.99,28583.73,,,,,,,,,,,,,,,,,,,,
base,vaxbase,All,50,All,3406876.00,901328942.00,26456171.05,39273076.60,0.00,0.00,0.00,1248308.00,36640.84,722.04,0.00,0.00,2761.29,81.05,326416.50,0.00,0.00,91155.98,2675.65,9887.77,,,,,,,,,,,,,,,,,,,,
base,vaxbase,0-4 yrs,60,High,14310.91,7013707.00,49009510.93,208884.90,0.00,0.00,0.00,4749.16,33185.56,1476.83,0.00,0.00,30.90,215.92,226985.10,0.00,0.00,2396.26,16744.29,2926.94,,,,,,,,,,,,,,,,,,,,
base,vaxbase,0-4 yrs,60,Non-high,209297.09,17282217.00,8257265.78,3054942.00,0.00,0.00,0.00,69456.40,33185.55,248.82,0.00,0.00,9.43,4.50,1833101.00,0.00,0.00,797.65,381.11,21666.40,,,,,,,,,,,,,,,,,,,,
base,vaxbase,0-4 yrs,60,All,223608.00,24295924.00,10865409.11,3263826.90,0.00,0.00,0.00,74205.56,33185.56,327.41,0.00,0.00,40.33,18.03,602468.80,0.00,0.00,3193.91,1428.35,7606.95,,,,,,,,,,,,,,,,,,,,
base,vaxbase,5-19 yrs,60,High,40938.30,80139361.00,195756445.68,597543.70,0.00,0.00,0.00,26866.44,65626.66,2982.88,0.00,0.00,175.14,427.81,457583.20,0.00,0.00,11847.97,28941.04,6763.98,,,,,,,,,,,,,,,,,,,,
base,vaxbase,5-19 yrs,60,Non-high,598722.70,117551574.00,19633725.93,8739076.00,0.00,0.00,0.00,392921.60,65626.64,299.17,0.00,0.00,53.38,8.92,2202314.00,0.00,0.00,3987.22,665.95,29482.12,,,,,,,,,,,,,,,,,,,,
base,vaxbase,5-19 yrs,60,All,639661.00,197690935.00,30905578.89,9336619.70,0.00,0.00,0.00,419788.10,65626.65,470.93,0.00,0.00,228.51,35.72,865120.80,0.00,0.00,15835.18,2475.56,12484.28,,,,,,,,,,,,,,,,,,,,
base,vaxbase,20-64 yrs,60,High,321847.06,233471672.00,72541185.24,3039717.00,0.00,0.00,0.00,98751.56,30682.76,2364.23,0.00,0.00,1275.46,396.29,183049.20,0.00,0.00,49711.94,15445.83,4696.49,,,,,,,,,,,,,,,,,,,,
base,vaxbase,20-64 yrs,60,Non-high,1913201.94,237483403.00,12412876.97,18069427.00,0.00,0.00,0.00,587023.20,30682.76,404.56,0.00,0.00,177.68,9.29,1336604.00,0.00,0.00,7485.78,391.27,31724.60,,,,,,,,,,,,,,,,,,,,
base,vaxbase,20-64 yrs,60,All,2235049.00,470955076.00,21071353.51,21109144.00,0.00,0.00,0.00,685774.70,30682.76,686.75,0.00,0.00,1453.14,65.02,324095.70,0.00,0.00,57197.72,2559.13,8233.81,,,,,,,,,,,,,,,,,,,,
base,vaxbase,65+ yrs,60,High,157981.70,181769264.00,115057164.22,2848504.77,0.00,0.00,0.00,35092.38,22212.94,5179.74,0.00,0.00,923.69,584.68,196785.90,0.00,0.00,13243.10,8382.68,13725.58,,,,,,,,,,,,,,,,,,,,
base,vaxbase,65+ yrs,60,Non-high,150576.30,26617742.00,17677245.36,2714981.11,0.00,0.00,0.00,33447.42,22212.94,795.81,0.00,0.00,115.62,76.78,230219.60,0.00,0.00,1686.07,1119.74,15786.90,,,,,,,,,,,,,,,,,,,,
base,vaxbase,65+ yrs,60,All,308558.00,208387007.00,67535765.40,5563485.87,0.00,0.00,0.00,68539.80,22212.94,3040.38,0.00,0.00,1039.31,336.83,200505.20,0.00,0.00,14929.16,4838.36,13958.38,,,,,,,,,,,,,,,,,,,,
base,vaxbase,All,60,High,535077.97,502394005.00,93891737.87,6694650.37,0.00,0.00,0.00,165459.54,30922.51,3036.36,0.00,0.00,2405.19,449.50,208879.60,0.00,0.00,77199.26,14427.67,6507.76,,,,,,,,,,,,,,,,,,,,
base,vaxbase,All,60,Non-high,2871798.03,398934936.00,13891469.10,32578426.11,0.00,0.00,0.00,1082848.62,37706.29,368.41,0.00,0.00,356.10,12.40,1120289.00,0.00,0.00,13956.71,485.99,28583.73,,,,,,,,,,,,,,,,,,,,
base,vaxbase,All,60,All,3406876.00,901328942.00,26456171.05,39273076.60,0.00,0.00,0.00,1248308.16,36640.85,722.04,0.00,0.00,2761.29,81.05,326416.50,0.00,0.00,91155.98,2675.65,9887.77,,,,,,,,,,,,,,,,,,,,
base,vax70,0-4 yrs,10,High,14310.91,1380760.00,9648303.29,286704.80,5555128.00,3652.73,25524.08,1096.43,7661.48,1259.33,23.77,166.07,7.13,49.85,193555.00,1843.04,12878.57,553.22,3865.72,2495.86,,,,,,,,,,,,,,,,,,,,
base,vax70,0-4 yrs,10,Non-high,209297.09,502138.90,239916.81,4193058.00,15641963.00,53421.15,25524.08,16035.25,7661.48,31.31,7.25,3.46,2.18,1.04,230699.80,613.50,293.12,184.15,87.99,2726.77,,,,,,,,,,,,,,,,,,,,
base,vax70,0-4 yrs,10,All,223608.00,1882899.00,842053.50,4479763.00,21197090.00,57073.88,25524.08,17131.68,7661.48,109.91,31.02,13.87,9.31,4.16,202238.86,2456.54,1098.59,737.37,329.76,2553.53,,,,,,,,,,,,,,,,,,,,
base,vax70,5-19 yrs,10,High,40938.30,13778258.00,33656155.73,820158.00,66138489.00,22008.59,53760.39,4857.85,11866.27,2836.29,143.47,350.45,31.67,77.35,435095.80,9705.68,23708.07,2142.29,5232.96,6431.57,,,,,,,,,,,,,,,,,,,,
base,vax70,5-19 yrs,10,Non-high,598722.70,10840391.00,1810586.27,11994810.00,103455449.00,321875.60,53760.38,71046.00,11866.26,152.58,43.73,7.30,9.65,1.61,1123213.00,3266.27,545.54,720.95,120.41,15036.31,,,,,,,,,,,,,,,,,,,,
base,vax70,5-19 yrs,10,All,639661.00,24618649.00,3848702.52,12814968.00,169593937.00,343884.20,53760.38,75903.90,11866.27,324.34,187.19,29.26,41.32,6.46,595827.45,12971.95,2027.94,2863.23,447.62,8598.20,,,,,,,,,,,,,,,,,,,,
base,vax70,20-64 yrs,10,High,321847.06,47560727.00,14777430.93,6447884.00,182502778.00,76201.13,23676.19,22550.43,7006.57,2109.08,984.20,305.80,291.26,90.50,163294.30,38359.96,11918.69,11351.98,3527.14,4189.64,,,,,,,,,,,,,,,,,,,,
base,vax70,20-64 yrs,10,Non-high,1913201.94,20027736.00,1046817.67,38329088.00,197196006.00,452973.40,23676.19,134049.80,7006.57,149.41,137.10,7.17,40.57,2.12,493617.30,5776.36,301.92,1709.42,89.35,11716.12,,,,,,,,,,,,,,,,,,,,
base,vax70,20-64 yrs,10,All,2235049.00,67588464.00,3024026.05,44776972.00,379698784.00,529174.50,23676.19,156600.20,7006.57,431.60,1121.31,50.17,331.83,14.85,203683.33,44136.32,1974.74,13061.40,584.39,5174.67,,,,,,,,,,,,,,,,,,,,
base,vax70,65+ yrs,10,High,157981.70,41501204.00,26269627.43,3165005.00,139951559.00,26602.17,16838.77,8490.21,5374.17,4888.13,700.21,443.22,223.48,141.46,185707.10,10039.08,6354.58,3204.02,2028.10,12952.85,,,,,,,,,,,,,,,,,,,,
base,vax70,65+ yrs,10,Non-high,150576.30,4080080.00,2709642.89,3016646.00,22235998.00,25355.19,16838.77,8092.23,5374.17,504.20,87.65,58.21,27.97,18.58,145859.30,1278.14,848.83,407.92,270.91,10002.05,,,,,,,,,,,,,,,,,,,,
base,vax70,65+ yrs,10,All,308558.00,45581284.00,14772355.28,6181651.00,162187558.00,51957.36,16838.77,16582.44,5374.17,2748.77,787.86,255.34,251.45,81.49,181274.25,11317.22,3667.78,3611.94,1170.59,12619.60,,,,,,,,,,,,,,,,,,,,
base,vax70,All,10,High,535077.97,104220949.00,19477712.57,10719751.80,394147954.00,128464.62,24008.58,36994.92,6913.93,2817.17,1851.65,346.05,553.54,103.45,188282.44,59947.76,11203.56,17251.51,3224.11,6041.27,,,,,,,,,,,,,,,,,,,,
base,vax70,All,10,Non-high,2871798.03,35450345.90,1234430.33,57533602.00,338529416.00,853625.34,29724.42,229223.28,7981.87,154.65,275.73,9.60,80.37,2.80,441067.65,10934.27,380.75,3022.44,105.25,11729.04,,,,,,,,,,,,,,,,,,,,
base,vax70,All,10,All,3406876.00,139671296.00,4099688.28,68253354.00,732677369.00,982089.94,28826.70,266218.22,7814.14,524.65,2127.38,62.44,633.91,18.61,220333.32,70882.03,2080.56,20273.95,595.09,6889.20,,,,,,,,,,,,,,,,,,,,
base,vax70,0-4 yrs,20,High,14310.91,3058689.00,21373127.22,286704.80,3877198.00,2549.42,17814.52,2199.74,15371.04,1390.48,16.59,115.91,14.31,100.01,213713.00,1286.35,8988.59,1109.91,7755.70,2755.80,,,,,,,,,,,,,,,,,,,,
base,vax70,0-4 yrs,20,Non-high,209297.09,5226803.00,2497312.79,4193058.00,10917298.00,37285.26,17814.51,32171.14,15371.04,162.47,5.06,2.42,4.37,2.09,1196930.00,428.19,204.59,369.46,176.52,14147.16,,,,,,,,,,,,,,,,,,,,
base,vax70,0-4 yrs,20,All,223608.00,8285493.00,3705365.19,4479763.00,14794496.00,39834.68,17814.51,34370.88,15371.04,241.06,21.65,9.68,18.68,8.35,443573.10,1714.54,766.76,1479.37,661.59,5600.69,,,,,,,,,,,,,,,,,,,,
base,vax70,5-19 yrs,20,High,40938.30,30121734.00,73578370.38,820158.00,49795013.00,16570.05,40475.67,10296.39,25151.00,2925.47,108.02,263.85,67.12,163.95,448775.80,7307.31,17849.57,4540.66,11091.46,6633.78,,,,,,,,,,,,,,,,,,,,
base,vax70,5-19 yrs,20,Non-high,598722.70,36405256.00,6080487.01,11994810.00,77890583.00,242337.00,40475.67,150584.60,25150.98,241.76,32.92,5.50,20.46,3.42,1779673.00,2459.14,410.73,1528.08,255.22,23824.26,,,,,,,,,,,,,,,,,,,,
base,vax70,5-19 yrs,20,All,639661.00,66526990.00,10400351.12,12814968.00,127685597.00,258907.00,40475.66,160881.10,25150.99,413.52,140.94,22.03,87.58,13.69,759649.17,9766.45,1526.82,6068.73,948.74,10962.26,,,,,,,,,,,,,,,,,,,,
base,vax70,20-64 yrs,20,High,321847.06,101826317.00,31638106.93,6447884.00,128237188.00,53543.39,16636.28,45208.17,14046.48,2252.39,691.56,214.87,583.90,181.42,174389.60,26953.96,8374.77,22757.98,7071.05,4474.31,,,,,,,,,,,,,,,,,,,,
base,vax70,20-64 yrs,20,Non-high,1913201.94,78662228.00,4111548.62,38329088.00,138561515.00,318285.70,16636.28,268737.50,14046.48,292.71,96.34,5.04,81.34,4.25,967080.80,4058.81,212.15,3426.97,179.12,22953.88,,,,,,,,,,,,,,,,,,,,
base,vax70,20-64 yrs,20,All,2235049.00,180488545.00,8075373.07,44776972.00,266798703.00,371829.10,16636.28,313945.60,14046.48,574.90,787.89,35.25,665.24,29.76,271312.98,31012.78,1387.57,26184.94,1171.56,6892.84,,,,,,,,,,,,,,,,,,,,
base,vax70,65+ yrs,20,High,157981.70,84737551.00,53637573.85,3165005.00,96715212.00,18383.75,11636.63,16708.63,10576.31,5071.49,483.89,306.30,439.80,278.39,192673.20,6937.63,4391.41,6305.47,3991.27,13438.73,,,,,,,,,,,,,,,,,,,,
base,vax70,65+ yrs,20,Non-high,150576.30,10949623.00,7271810.37,3016646.00,15366455.00,17522.01,11636.63,15925.41,10576.31,687.56,60.57,40.22,55.05,36.56,198903.40,883.27,586.60,802.79,533.15,13639.45,,,,,,,,,,,,,,,,,,,,
base,vax70,65+ yrs,20,All,308558.00,95687175.00,31011082.20,6181651.00,112081667.00,35905.76,11636.63,32634.04,10576.31,2932.13,544.46,176.45,494.85,160.37,193366.29,7820.90,2534.66,7108.26,2303.70,13461.40,,,,,,,,,,,,,,,,,,,,
base,vax70,All,20,High,535077.97,219744291.00,41067714.11,10719751.80,278624611.00,91046.61,17015.58,74412.93,13906.93,2953.04,1300.05,242.97,1105.13,206.54,198839.78,42485.25,7940.01,34714.02,6487.66,6330.13,,,,,,,,,,,,,,,,,,,,
base,vax70,All,20,Non-high,2871798.03,131243910.00,4570095.41,57533602.00,242735851.00,615429.97,21430.13,467418.65,16276.17,280.78,194.89,6.79,161.21,5.61,814103.43,7829.42,272.63,6127.29,213.36,21419.56,,,,,,,,,,,,,,,,,,,,
base,vax70,All,20,All,3406876.00,350988203.00,10302347.46,68253354.00,521360463.00,706476.54,20736.78,541831.62,15904.06,647.78,1494.94,43.88,1266.35,37.17,277166.27,50314.67,1476.86,40841.31,1198.79,8593.95,,,,,,,,,,,,,,,,,,,,
base,vax70,0-4 yrs,30,High,14310.91,6935887.00,48465729.99,286704.80,0.00,0.00,0.00,4749.16,33185.56,1460.45,0.00,0.00,30.90,215.92,224466.60,0.00,0.00,2396.26,16744.29,2894.46,,,,,,,,,,,,,,,,,,,,
base,vax70,0-4 yrs,30,Non-high,209297.09,16144101.00,7713485.65,4193058.00,0.00,0.00,0.00,69456.40,33185.55,232.44,0.00,0.00,9.43,4.50,1712382.00,0.00,0.00,797.65,381.11,20239.57,,,,,,,,,,,,,,,,,,,,
base,vax70,0-4 yrs,30,All,223608.00,23079989.00,10321629.37,4479763.00,0.00,0.00,0.00,74205.56,33185.56,311.03,0.00,0.00,40.33,18.03,572317.10,0.00,0.00,3193.91,1428.35,7226.25,,,,,,,,,,,,,,,,,,,,
base,vax70,5-19 yrs,30,High,40938.30,79916747.00,195212666.38,820158.00,0.00,0.00,0.00,26866.44,65626.66,2974.59,0.00,0.00,175.14,427.81,456312.10,0.00,0.00,11847.97,28941.04,6745.19,,,,,,,,,,,,,,,,,,,,
base,vax70,5-19 yrs,30,Non-high,598722.70,114295839.00,19089945.81,11994810.00,0.00,0.00,0.00,392921.60,65626.64,290.89,0.00,0.00,53.38,8.92,2141318.00,0.00,0.00,3987.22,665.95,28665.58,,,,,,,,,,,,,,,,,,,,
base,vax70,5-19 yrs,30,All,639661.00,194212586.00,30361798.83,12814968.00,0.00,0.00,0.00,419788.10,65626.65,462.64,0.00,0.00,228.51,35.72,849899.10,0.00,0.00,15835.18,2475.56,12264.63,,,,,,,,,,,,,,,,,,,,
base,vax70,20-64 yrs,30,High,321847.06,230063505.00,71482245.32,6447884.00,0.00,0.00,0.00,98751.56,30682.76,2329.72,0.00,0.00,1275.46,396.29,180377.00,0.00,0.00,49711.94,15445.83,4627.93,,,,,,,,,,,,,,,,,,,,
base,vax70,20-64 yrs,30,Non-high,1913201.94,217223743.00,11353937.00,38329088.00,0.00,0.00,0.00,587023.20,30682.76,370.04,0.00,0.00,177.68,9.29,1222578.00,0.00,0.00,7485.78,391.27,29018.18,,,,,,,,,,,,,,,,,,,,
base,vax70,20-64 yrs,30,All,2235049.00,447287248.00,20012413.51,44776972.00,0.00,0.00,0.00,685774.70,30682.76,652.24,0.00,0.00,1453.14,65.02,307808.30,0.00,0.00,57197.72,2559.13,7820.02,,,,,,,,,,,,,,,,,,,,
base,vax70,65+ yrs,30,High,157981.70,181452764.00,114856824.56,3165005.00,0.00,0.00,0.00,35092.38,22212.94,5170.72,0.00,0.00,923.69,584.68,196443.20,0.00,0.00,13243.10,8382.68,13701.68,,,,,,,,,,,,,,,,,,,,
base,vax70,65+ yrs,30,Non-high,150576.30,26316078.00,17476905.73,3016646.00,0.00,0.00,0.00,33447.42,22212.94,786.79,0.00,0.00,115.62,76.78,227610.40,0.00,0.00,1686.07,1119.74,15607.99,,,,,,,,,,,,,,,,,,,,
base,vax70,65+ yrs,30,All,308558.00,207768842.00,67335425.43,6181651.00,0.00,0.00,0.00,68539.80,22212.94,3031.36,0.00,0.00,1039.31,336.83,199910.50,0.00,0.00,14929.16,4838.36,13916.98,,,,,,,,,,,,,,,,,,,,
base,vax70,All,30,High,535077.97,498368903.00,93139491.99,10719751.80,0.00,0.00,0.00,165459.54,30922.51,3012.03,0.00,0.00,2405.19,449.50,207206.10,0.00,0.00,77199.26,14427.67,6455.62,,,,,,,,,,,,,,,,,,,,
base,vax70,All,30,Non-high,2871798.03,373979761.00,13022495.21,57533602.00,0.00,0.00,0.00,1082848.62,37706.29,345.37,0.00,0.00,356.10,12.40,1050210.00,0.00,0.00,13956.71,485.99,26795.69,,,,,,,,,,,,,,,,,,,,
base,vax70,All,30,All,3406876.00,872348664.00,25605530.23,68253354.00,0.00,0.00,0.00,1248308.16,36640.85,698.82,0.00,0.00,2761.29,81.05,315921.30,0.00,0.00,91155.98,2675.65,9569.85,,,,,,,,,,,,,,,,,,,,
base,vax70,0-4 yrs,40,High,14310.91,6935887.00,48465729.99,286704.80,0.00,0.00,0.00,4749.16,33185.56,1460.45,0.00,0.00,30.90,215.92,224466.60,0.00,0.00,2396.26,16744.29,2894.46,,,,,,,,,,,,,,,,,,,,
base,vax70,0-4 yrs,40,Non-high,209297.09,16144101.00,7713485.65,4193058.00,0.00,0.00,0.00,69456.40,33185.55,232.44,0.00,0.00,9.43,4.50,1712382.00,0.00,0.00,797.65,381.11,20239.57,,,,,,,,,,,,,,,,,,,,
base,vax70,0-4 yrs,40,All,223608.00,23079989.00,10321629.37,4479763.00,0.00,0.00,0.00,74205.56,33185.56,311.03,0.00,0.00,40.33,18.03,572317.10,0.00,0.00,3193.91,1428.35,7226.25,,,,,,,,,,,,,,,,,,,,
base,vax70,5-19 yrs,40,High,40938.30,79916747.00,195212666.38,820158.00,0.00,0.00,0.00,26866.44,65626.66,2974.59,0.00,0.00,175.14,427.81,456312.10,0.00,0.00,11847.97,28941.04,6745.19,,,,,,,,,,,,,,,,,,,,
base,vax70,5-19 yrs,40,Non-high,598722.70,114295839.00,19089945.81,11994810.00,0.00,0.00,0.00,392921.60,65626.64,290.89,0.00,0.00,53.38,8.92,2141318.00,0.00,0.00,3987.22,665.95,28665.58,,,,,,,,,,,,,,,,,,,,
base,vax70,5-19 yrs,40,All,639661.00,194212586.00,30361798.83,12814968.00,0.00,0.00,0.00,419788.10,65626.65,462.64,0.00,0.00,228.51,35.72,849899.10,0.00,0.00,15835.18,2475.56,12264.63,,,,,,,,,,,,,,,,,,,,
base,vax70,20-64 yrs,40,High,321847.06,230063505.00,71482245.32,6447884.00,0.00,0.00,0.00,98751.56,30682.76,2329.72,0.00,0.00,1275.46,396.29,180377.00,0.00,0.00,49711.94,15445.83,4627.93,,,,,,,,,,,,,,,,,,,,
base,vax70,20-64 yrs,40,Non-high,1913201.94,217223743.00,11353937.00,38329088.00,0.00,0.00,0.00,587023.20,30682.76,370.04,0.00,0.00,177.68,9.29,1222578.00,0.00,0.00,7485.78,391.27,29018.18,,,,,,,,,,,,,,,,,,,,
base,vax70,20-64 yrs,40,All,2235049.00,447287248.00,20012413.51,44776972.00,0.00,0.00,0.00,685774.70,30682.76,652.24,0.00,0.00,1453.14,65.02,307808.30,0.00,0.00,57197.72,2559.13,7820.02,,,,,,,,,,,,,,,,,,,,
base,vax70,65+ yrs,40,High,157981.70,181452764.00,114856824.56,3165005.00,0.00,0.00,0.00,35092.38,22212.94,5170.72,0.00,0.00,923.69,584.68,196443.20,0.00,0.00,13243.10,8382.68,13701.68,,,,,,,,,,,,,,,,,,,,
base,vax70,65+ yrs,40,Non-high,150576.30,26316078.00,17476905.73,3016646.00,0.00,0.00,0.00,33447.42,22212.94,786.79,0.00,0.00,115.62,76.78,227610.40,0.00,0.00,1686.07,1119.74,15607.99,,,,,,,,,,,,,,,,,,,,
base,vax70,65+ yrs,40,All,308558.00,207768842.00,67335425.43,6181651.00,0.00,0.00,0.00,68539.80,22212.94,3031.36,0.00,0.00,1039.31,336.83,199910.50,0.00,0.00,14929.16,4838.36,13916.98,,,,,,,,,,,,,,,,,,,,
base,vax70,All,40,High,535077.97,498368903.00,93139491.99,10719751.80,0.00,0.00,0.00,165459.54,30922.51,3012.03,0.00,0.00,2405.19,449.50,207206.10,0.00,0.00,77199.26,14427.67,6455.62,,,,,,,,,,,,,,,,,,,,
base,vax70,All,40,Non-high,2871798.03,373979761.00,13022495.21,57533602.00,0.00,0.00,0.00,1082848.62,37706.29,345.37,0.00,0.00,356.10,12.40,1050210.00,0.00,0.00,13956.71,485.99,26795.69,,,,,,,,,,,,,,,,,,,,
base,vax70,All,40,All,3406876.00,872348664.00,25605530.23,68253354.00,0.00,0.00,0.00,1248308.16,36640.85,698.82,0.00,0.00,2761.29,81.05,315921.30,0.00,0.00,91155.98,2675.65,9569.85,,,,,,,,,,,,,,,,,,,,
base,vax70,0-4 yrs,50,High,14310.91,6935887.00,48465729.99,286704.80,0.00,0.00,0.00,4749.16,33185.56,1460.45,0.00,0.00,30.90,215.92,224466.60,0.00,0.00,2396.26,16744.29,2894.46,,,,,,,,,,,,,,,,,,,,
base,vax70,0-4 yrs,50,Non-high,209297.09,16144101.00,7713485.65,4193058.00,0.00,0.00,0.00,69456.40,33185.55,232.44,0.00,0.00,9.43,4.50,1712382.00,0.00,0.00,797.65,381.11,20239.57,,,,,,,,,,,,,,,,,,,,
base,vax70,0-4 yrs,50,All,223608.00,23079989.00,10321629.37,4479763.00,0.00,0.00,0.00,74205.56,33185.56,311.03,0.00,0.00,40.33,18.03,572317.10,0.00,0.00,3193.91,1428.35,7226.25,,,,,,,,,,,,,,,,,,,,
base,vax70,5-19 yrs,50,High,40938.30,79916747.00,195212666.38,820158.00,0.00,0.00,0.00,26866.44,65626.66,2974.59,0.00,0.00,175.14,427.81,456312.10,0.00,0.00,11847.97,28941.04,6745.19,,,,,,,,,,,,,,,,,,,,
base,vax70,5-19 yrs,50,Non-high,598722.70,114295839.00,19089945.81,11994810.00,0.00,0.00,0.00,392921.60,65626.64,290.89,0.00,0.00,53.38,8.92,2141318.00,0.00,0.00,3987.22,665.95,28665.58,,,,,,,,,,,,,,,,,,,,
base,vax70,5-19 yrs,50,All,639661.00,194212586.00,30361798.83,12814968.00,0.00,0.00,0.00,419788.10,65626.65,462.64,0.00,0.00,228.51,35.72,849899.10,0.00,0.00,15835.18,2475.56,12264.63,,,,,,,,,,,,,,,,,,,,
base,vax70,20-64 yrs,50,High,321847.06,230063505.00,71482245.32,6447884.00,0.00,0.00,0.00,98751.56,30682.76,2329.72,0.00,0.00,1275.46,396.29,180377.00,0.00,0.00,49711.94,15445.83,4627.93,,,,,,,,,,,,,,,,,,,,
base,vax70,20-64 yrs,50,Non-high,1913201.94,217223743.00,11353937.00,38329088.00,0.00,0.00,0.00,587023.20,30682.76,370.04,0.00,0.00,177.68,9.29,1222578.00,0.00,0.00,7485.78,391.27,29018.18,,,,,,,,,,,,,,,,,,,,
base,vax70,20-64 yrs,50,All,2235049.00,447287248.00,20012413.51,44776972.00,0.00,0.00,0.00,685774.70,30682.76,652.24,0.00,0.00,1453.14,65.02,307808.30,0.00,0.00,57197.72,2559.13,7820.02,,,,,,,,,,,,,,,,,,,,
base,vax70,65+ yrs,50,High,157981.70,181452764.00,114856824.56,3165005.00,0.00,0.00,0.00,35092.38,22212.94,5170.72,0.00,0.00,923.69,584.68,196443.20,0.00,0.00,13243.10,8382.68,13701.68,,,,,,,,,,,,,,,,,,,,
base,vax70,65+ yrs,50,Non-high,150576.30,26316078.00,17476905.73,3016646.00,0.00,0.00,0.00,33447.42,22212.94,786.79,0.00,0.00,115.62,76.78,227610.40,0.00,0.00,1686.07,1119.74,15607.99,,,,,,,,,,,,,,,,,,,,
base,vax70,65+ yrs,50,All,308558.00,207768842.00,67335425.43,6181651.00,0.00,0.00,0.00,68539.80,22212.94,3031.36,0.00,0.00,1039.31,336.83,199910.50,0.00,0.00,14929.16,4838.36,13916.98,,,,,,,,,,,,,,,,,,,,
base,vax70,All,50,High,535077.97,498368903.00,93139491.99,10719751.80,0.00,0.00,0.00,165459.54,30922.51,3012.03,0.00,0.00,2405.19,449.50,207206.10,0.00,0.00,77199.26,14427.67,6455.62,,,,,,,,,,,,,,,,,,,,
base,vax70,All,50,Non-high,2871798.03,373979761.00,13022495.21,57533602.00,0.00,0.00,0.00,1082848.62,37706.29,345.37,0.00,0.00,356.10,12.40,1050210.00,0.00,0.00,13956.71,485.99,26795.69,,,,,,,,,,,,,,,,,,,,
base,vax70,All,50,All,3406876.00,872348664.00,25605530.23,68253354.00,0.00,0.00,0.00,1248308.16,36640.85,698.82,0.00,0.00,2761.29,81.05,315921.30,0.00,0.00,91155.98,2675.65,9569.85,,,,,,,,,,,,,,,,,,,,
base,vax70,0-4 yrs,60,High,14310.91,6935887.00,48465729.99,286704.80,0.00,0.00,0.00,4749.16,33185.56,1460.45,0.00,0.00,30.90,215.92,224466.60,0.00,0.00,2396.26,16744.29,2894.46,,,,,,,,,,,,,,,,,,,,
base,vax70,0-4 yrs,60,Non-high,209297.09,16144101.00,7713485.65,4193058.00,0.00,0.00,0.00,69456.40,33185.55,232.44,0.00,0.00,9.43,4.50,1712382.00,0.00,0.00,797.65,381.11,20239.57,,,,,,,,,,,,,,,,,,,,
base,vax70,0-4 yrs,60,All,223608.00,23079989.00,10321629.37,4479763.00,0.00,0.00,0.00,74205.56,33185.56,311.03,0.00,0.00,40.33,18.03,572317.10,0.00,0.00,3193.91,1428.35,7226.25,,,,,,,,,,,,,,,,,,,,
base,vax70,5-19 yrs,60,High,40938.30,79916747.00,195212666.38,820158.00,0.00,0.00,0.00,26866.44,65626.66,2974.59,0.00,0.00,175.14,427.81,456312.10,0.00,0.00,11847.97,28941.04,6745.19,,,,,,,,,,,,,,,,,,,,
base,vax70,5-19 yrs,60,Non-high,598722.70,114295839.00,19089945.81,11994810.00,0.00,0.00,0.00,392921.60,65626.64,290.89,0.00,0.00,53.38,8.92,2141318.00,0.00,0.00,3987.22,665.95,28665.58,,,,,,,,,,,,,,,,,,,,
base,vax70,5-19 yrs,60,All,639661.00,194212586.00,30361798.83,12814968.00,0.00,0.00,0.00,419788.10,65626.65,462.64,0.00,0.00,228.51,35.72,849899.10,0.00,0.00,15835.18,2475.56,12264.63,,,,,,,,,,,,,,,,,,,,
base,vax70,20-64 yrs,60,High,321847.06,230063505.00,71482245.32,6447884.00,0.00,0.00,0.00,98751.56,30682.76,2329.72,0.00,0.00,1275.46,396.29,180377.00,0.00,0.00,49711.94,15445.83,4627.93,,,,,,,,,,,,,,,,,,,,
base,vax70,20-64 yrs,60,Non-high,1913201.94,217223743.00,11353937.00,38329088.00,0.00,0.00,0.00,587023.20,30682.76,370.04,0.00,0.00,177.68,9.29,1222578.00,0.00,0.00,7485.78,391.27,29018.18,,,,,,,,,,,,,,,,,,,,
base,vax70,20-64 yrs,60,All,2235049.00,447287248.00,20012413.51,44776972.00,0.00,0.00,0.00,685774.70,30682.76,652.24,0.00,0.00,1453.14,65.02,307808.30,0.00,0.00,57197.72,2559.13,7820.02,,,,,,,,,,,,,,,,,,,,
base,vax70,65+ yrs,60,High,157981.70,181452764.00,114856824.56,3165005.00,0.00,0.00,0.00,35092.38,22212.94,5170.72,0.00,0.00,923.69,584.68,196443.20,0.00,0.00,13243.10,8382.68,13701.68,,,,,,,,,,,,,,,,,,,,
base,vax70,65+ yrs,60,Non-high,150576.30,26316078.00,17476905.73,3016646.00,0.00,0.00,0.00,33447.42,22212.94,786.79,0.00,0.00,115.62,76.78,227610.40,0.00,0.00,1686.07,1119.74,15607.99,,,,,,,,,,,,,,,,,,,,
base,vax70,65+ yrs,60,All,308558.00,207768842.00,67335425.43,6181651.00,0.00,0.00,0.00,68539.80,22212.94,3031.36,0.00,0.00,1039.31,336.83,199910.50,0.00,0.00,14929.16,4838.36,13916.98,,,,,,,,,,,,,,,,,,,,
base,vax70,All,60,High,535077.97,498368903.00,93139491.99,10719751.80,0.00,0.00,0.00,165459.54,30922.51,3012.03,0.00,0.00,2405.19,449.50,207206.10,0.00,0.00,77199.26,14427.67,6455.62,,,,,,,,,,,,,,,,,,,,
base,vax70,All,60,Non-high,2871798.03,373979761.00,13022495.21,57533602.00,0.00,0.00,0.00,1082848.62,37706.29,345.37,0.00,0.00,356.10,12.40,1050210.00,0.00,0.00,13956.71,485.99,26795.69,,,,,,,,,,,,,,,,,,,,
base,vax70,All,60,All,3406876.00,872348664.00,25605530.23,68253354.00,0.00,0.00,0.00,1248308.16,36640.85,698.82,0.00,0.00,2761.29,81.05,315921.30,0.00,0.00,91155.98,2675.65,9569.85,,,,,,,,,,,,,,,,,,,,
vaxbase,vax70,0-4 yrs,10,High,14310.91,494006.9,3451960.0780104,286704.80,5555128,3652.73,25524.08,376,2627.37,1313.848,23.76573,166.07,2.446367,17.09,201934.9,1843.04,12878.57,189.7196,1325.70,2603.88,,,,,,,,,,,,,,,,,,,,
vaxbase,vax70,0-4 yrs,10,Non-high,209297.09,472017.2,225524.9702707,4193058.00,15641963,53421.15,25524.08,5499,2627.37,85.83691,7.251271,3.46,0.7464223,0.36,632372.8,613.4986,293.12,63.15136,30.17,7474.378,,,,,,,,,,,,,,,,,,,,
vaxbase,vax70,0-4 yrs,10,All,223608.00,966024.1,432016.7883081,4479763.00,21197090,57073.88,25524.08,5875,2627.37,164.4296,31.017,13.87,3.19279,1.43,302564.3,2456.539,1098.59,252.8709,113.09,3820.226,,,,,,,,,,,,,,,,,,,,
vaxbase,vax70,5-19 yrs,10,High,40938.30,4515411,11029796.0589472,820158.00,66138489,22008.59,53760.39,1576.65,3851.28,2863.927,143.469,350.45,10.27782,25.11,439335.4,9705.681,23708.07,695.2987,1698.41,6494.204,,,,,,,,,,,,,,,,,,,,
vaxbase,vax70,5-19 yrs,10,Non-high,598722.70,4155601,694077.7425008,11994810.00,103455449,321875.60,53760.38,23058.51,3851.28,180.2199,43.72515,7.30,3.13238,0.52,1326659,3266.269,545.54,233.9914,39.08,17759.63,,,,,,,,,,,,,,,,,,,,
vaxbase,vax70,5-19 yrs,10,All,639661.00,8671012,1355563.6501209,12814968.00,169593937,343884.20,53760.38,24635.16,3851.28,351.9771,187.1941,29.26,13.4102,2.10,646598.2,12971.95,2027.94,929.2801,145.28,9330.893,,,,,,,,,,,,,,,,,,,,
vaxbase,vax70,20-64 yrs,10,High,321847.06,21221446,6593642.9557567,6447884.00,182502778,76201.13,23676.19,10283.7,3195.21,2063.6,984.2012,305.80,132.8226,41.27,159772.8,38359.96,11918.69,5176.863,1608.49,4099.287,,,,,,,,,,,,,,,,,,,,
vaxbase,vax70,20-64 yrs,10,Non-high,1913201.94,6352873,332054.4928990,38329088.00,197196006,452973.40,23676.19,61130.9,3195.21,103.9225,137.1033,7.17,18.50274,0.97,343347.7,5776.364,301.92,779.5457,40.75,8149.456,,,,,,,,,,,,,,,,,,,,
vaxbase,vax70,20-64 yrs,10,All,2235049.00,27574320,1233723.2874984,44776972.00,379698784,529174.50,23676.19,71414.6,3195.21,386.116,1121.305,50.17,151.3253,6.77,182218.8,44136.32,1974.74,5956.409,266.50,4629.353,,,,,,,,,,,,,,,,,,,,
vaxbase,vax70,65+ yrs,10,High,157981.70,14564694,9219228.5562189,3165005.00,139951559,26602.17,16838.77,2828.636,1790.48,5149.016,700.214,443.22,74.45448,47.13,195618.8,10039.08,6354.58,1067.461,675.69,13644.24,,,,,,,,,,,,,,,,,,,,
vaxbase,vax70,65+ yrs,10,Non-high,150576.30,2062712,1369878.2610544,3016646.00,22235998,25355.19,16838.77,2696.044,1790.48,765.0885,87.64623,58.21,9.319514,6.19,221332.6,1278.14,848.83,135.9095,90.26,15177.1,,,,,,,,,,,,,,,,,,,,
vaxbase,vax70,65+ yrs,10,All,308558.00,16627406,5388745.7139339,6181651.00,162187558,51957.36,16838.77,5524.68,1790.48,3009.66,787.8602,255.34,83.77399,27.15,198479.3,11317.22,3667.78,1203.371,390.00,13817.36,,,,,,,,,,,,,,,,,,,,
vaxbase,vax70,All,10,High,535077.97,40795558,7624226.8019369,10719751.80,394147954,128464.62,24008.58,15064.99,2815.48,2707.971,1851.65,346.05,220.0013,41.12,185433.3,59947.76,11203.56,7129.342,1332.39,5722.205,,,,,,,,,,,,,,,,,,,,
vaxbase,vax70,All,10,Non-high,2871798.03,13043204,454182.4969495,57533602.00,338529416,853625.34,29724.42,92384.45,3216.95,141.184,275.726,9.60,31.70106,1.10,411443.8,10934.27,380.75,1212.598,42.22,10756.41,,,,,,,,,,,,,,,,,,,,
vaxbase,vax70,All,10,All,3406876.00,53838762,1580297.0815492,68253354.00,732677369,982089.94,28826.70,107449.4,3153.90,501.0614,2127.376,62.44,251.7023,7.39,213898.5,70882.03,2080.56,8341.93,244.86,6453.993,,,,,,,,,,,,,,,,,,,,
vaxbase,vax70,0-4 yrs,20,High,14310.91,1082084,7561252.2194605,286704.80,3877198,2549.42,17814.52,762.6854,5329.40,1418.782,16.58728,115.91,4.962258,34.67,218062.9,1286.349,8988.59,384.821,2689.00,2811.916,,,,,,,,,,,,,,,,,,,,
vaxbase,vax70,0-4 yrs,20,Non-high,209297.09,2127908,1016692.5875558,4193058.00,10917298,37285.26,17814.51,11154.27,5329.40,190.7706,5.06102,2.42,1.514057,0.72,1405435,428.191,204.59,128.099,61.20,16611.43,,,,,,,,,,,,,,,,,,,,
vaxbase,vax70,0-4 yrs,20,All,223608.00,3209992,1435544.3454617,4479763.00,14794496,39834.68,17814.51,11916.96,5329.40,269.3634,21.6483,9.68,6.476315,2.90,495651.1,1714.54,766.76,512.92,229.38,6258.27,,,,,,,,,,,,,,,,,,,,
vaxbase,vax70,5-19 yrs,20,High,40938.30,10358829,25303515.2900829,820158.00,49795013,16570.05,40475.67,3521.137,8601.08,2941.899,108.0164,263.85,22.95348,56.07,451296.6,7307.311,17849.57,1552.809,3793.05,6671.027,,,,,,,,,,,,,,,,,,,,
vaxbase,vax70,5-19 yrs,20,Non-high,598722.70,13296019,2220730.7322739,11994810.00,77890583,242337.00,40475.67,51496.62,8601.08,258.1921,32.92023,5.50,6.995552,1.17,1900639,2459.141,410.73,522.5687,87.28,25443.58,,,,,,,,,,,,,,,,,,,,
vaxbase,vax70,5-19 yrs,20,All,639661.00,23654848,3698028.7996298,12814968.00,127685597,258907.00,40475.66,55017.76,8601.08,429.9493,140.9366,22.03,29.94903,4.68,789836.7,9766.453,1526.82,2075.367,324.45,11397.91,,,,,,,,,,,,,,,,,,,,
vaxbase,vax70,20-64 yrs,20,High,321847.06,45029592,13990990.6276602,6447884.00,128237188,53543.39,16636.28,20224.41,6283.86,2226.497,691.5577,214.87,261.2152,81.16,172385,26953.96,8374.77,10181.06,3163.32,4422.88,,,,,,,,,,,,,,,,,,,,
vaxbase,vax70,20-64 yrs,20,Non-high,1913201.94,32077804,1676655.4188211,38329088.00,138561515,318285.70,16636.28,120222.9,6283.86,266.8194,96.33686,5.04,36.38836,1.90,881540.2,4058.813,212.15,1533.097,80.13,20923.54,,,,,,,,,,,,,,,,,,,,
vaxbase,vax70,20-64 yrs,20,All,2235049.00,77107396,3449919.7109325,44776972.00,266798703,371829.10,16636.28,140447.3,6283.86,549.0129,787.8945,35.25,297.6036,13.32,259094.3,31012.78,1387.57,11714.14,524.11,6582.418,,,,,,,,,,,,,,,,,,,,
vaxbase,vax70,65+ yrs,20,High,157981.70,29099386,18419466.3052746,3165005.00,96715212,18383.75,11636.63,5591.409,3539.28,5204.303,483.8913,306.30,147.1753,93.16,197719.2,6937.626,4391.41,2110.074,1335.64,13790.7,,,,,,,,,,,,,,,,,,,,
vaxbase,vax70,65+ yrs,20,Non-high,150576.30,4372035,2903534.6199900,3016646.00,15366455,17522.01,11636.63,5329.311,3539.28,820.3753,60.56898,40.22,18.42203,12.23,237326.5,883.2744,586.60,268.6456,178.41,16274.36,,,,,,,,,,,,,,,,,,,,
vaxbase,vax70,65+ yrs,20,All,308558.00,33471421,10847691.8439969,6181651.00,112081667,35905.76,11636.63,10920.72,3539.28,3064.946,544.4603,176.45,165.5973,53.67,202125.4,7820.901,2534.66,2378.719,770.91,14071.19,,,,,,,,,,,,,,,,,,,,
vaxbase,vax70,All,20,High,535077.97,85569891,15992041.4963075,10719751.80,278624612,91046.61,17015.58,30099.64,5625.28,2842.887,1300.053,242.97,436.3063,81.54,196123.5,42485.25,7940.01,14228.76,2659.19,6013.868,,,,,,,,,,,,,,,,,,,,
vaxbase,vax70,All,20,Non-high,2871798.03,51873766,1806316.6510355,57533602.00,242735851,615429.97,21430.13,188203.1,6553.49,275.6265,194.8871,6.79,63.32,2.20,819231.9,7829.42,272.63,2452.41,85.40,21152.16,,,,,,,,,,,,,,,,,,,,
vaxbase,vax70,All,20,All,3406876.00,137443657,4034301.7180549,68253354.00,521360463,706476.54,20736.78,218302.8,6407.71,629.6011,1494.94,43.88,499.6263,14.67,275092.9,50314.67,1476.86,16681.15,489.63,8239.459,,,,,,,,,,,,,,,,,,,,